/*
SQLyog Ultimate v12.09 (64 bit)
MySQL - 5.7.25-28 : Database - talk_platform
*********************************************************************
*/

/*!40101 SET NAMES utf8 */;

/*!40101 SET SQL_MODE=''*/;

/*!40014 SET @OLD_UNIQUE_CHECKS=@@UNIQUE_CHECKS, UNIQUE_CHECKS=0 */;
/*!40014 SET @OLD_FOREIGN_KEY_CHECKS=@@FOREIGN_KEY_CHECKS, FOREIGN_KEY_CHECKS=0 */;
/*!40101 SET @OLD_SQL_MODE=@@SQL_MODE, SQL_MODE='NO_AUTO_VALUE_ON_ZERO' */;
/*!40111 SET @OLD_SQL_NOTES=@@SQL_NOTES, SQL_NOTES=0 */;
CREATE DATABASE /*!32312 IF NOT EXISTS*/`talk_platform` /*!40100 DEFAULT CHARACTER SET utf8 */;

USE `talk_platform`;

/*Table structure for table `account_role` */

DROP TABLE IF EXISTS `account_role`;

CREATE TABLE `account_role` (
  `id` int(10) unsigned NOT NULL AUTO_INCREMENT COMMENT '用户ID',
  `role_name` varchar(64) NOT NULL COMMENT '角色名',
  `role_en_name` varchar(128) NOT NULL COMMENT '角色英文名称',
  `create_time` timestamp NULL DEFAULT NULL COMMENT '创建时间',
  PRIMARY KEY (`id`),
  UNIQUE KEY `unique_keys` (`role_en_name`,`role_name`) USING BTREE
) ENGINE=InnoDB DEFAULT CHARSET=utf8 COMMENT='用户表';

/*Data for the table `account_role` */

/*Table structure for table `accounts` */

DROP TABLE IF EXISTS `accounts`;

CREATE TABLE `accounts` (
  `id` int(10) unsigned NOT NULL AUTO_INCREMENT COMMENT '账户ID',
  `pid` int(10) DEFAULT '1' COMMENT '父ID',
  `user_name` varchar(64) NOT NULL COMMENT '用户名',
  `nick_name` varchar(64) DEFAULT NULL COMMENT '昵称',
  `passwd` varchar(128) NOT NULL COMMENT '密码',
  `email` varchar(255) DEFAULT NULL COMMENT '邮箱',
  `phone` varchar(128) DEFAULT NULL COMMENT '电话号码',
  `remark` varchar(255) DEFAULT NULL COMMENT '备注',
  `address` varchar(255) DEFAULT NULL COMMENT '地址',
  `privilege_id` int(10) DEFAULT NULL COMMENT '权限类型ID',
  `role_type` int(255) DEFAULT NULL COMMENT '角色类型ID',
  `stat` varchar(255) DEFAULT NULL COMMENT '账户状态(0:无效，1:有效)',
  `last_login_time` timestamp NULL DEFAULT NULL COMMENT '最近登录时间',
  `create_time` timestamp NULL DEFAULT NULL COMMENT '创建时间',
  `change_time` timestamp NULL DEFAULT CURRENT_TIMESTAMP ON UPDATE CURRENT_TIMESTAMP COMMENT '账户基本信息修改时间',
  PRIMARY KEY (`id`)
) ENGINE=InnoDB AUTO_INCREMENT=11 DEFAULT CHARSET=utf8 COMMENT='账户表';

/*Data for the table `accounts` */

insert  into `accounts`(`id`,`pid`,`user_name`,`nick_name`,`passwd`,`email`,`phone`,`remark`,`address`,`privilege_id`,`role_type`,`stat`,`last_login_time`,`create_time`,`change_time`) values (1,0,'root','root','112222','4851684646@qq.com','44444444444','超级管理员','上海',1,1,'1','2019-03-18 15:52:52','2019-03-18 15:52:52','2019-03-26 23:54:14'),(2,1,'pig','peiqi','111111','13646846435@qq.com','99999999888','猪','杭州',2,1,'1','2019-03-27 11:54:14','2019-03-27 11:54:16','2019-03-26 23:54:32'),(3,1,'elephant','wiki','123456','948162177@qq.com','22222222222','大象','深圳',2,1,'1','2019-03-18 15:49:07','2019-03-18 15:49:07','2019-03-26 23:54:17'),(5,2,'dolphin','nana','222222','2948945957@qq.com','33333333333','海豚','广州',3,1,'1','2019-03-18 15:51:16','2019-03-18 15:51:16','2019-03-19 21:03:41'),(6,3,'tiger','baby','1111111','948162188@qq.com','11111111111','老虎','beijing',2,1,'1','2019-03-15 15:16:04','2019-03-15 15:16:04','2019-03-26 23:44:18'),(7,2,'zebra1','bobo','123456','948199@qq.com','12345679816','斑马','南京',2,1,'1','2019-03-27 11:54:54','2019-03-27 11:54:57','2019-03-26 23:58:13'),(8,5,'zebra3','bobo','123456','94899@qq.com','12345679816','斑马','南京',2,1,'1','2019-03-27 11:54:54','2019-03-27 11:54:57','2019-03-26 23:59:51'),(9,5,'tiger2','baby','1111111','948162188@qq.com','11111111111','老虎','beijing',2,1,'1','2019-03-15 15:16:04','2019-03-15 15:16:04','2019-03-26 23:59:13'),(10,5,'zebra','bobo','123456','9481699@qq.com','12345679816','斑马','南京',2,1,'1','2019-03-27 11:54:54','2019-03-27 11:54:57','2019-03-26 23:59:46');

/*Table structure for table `customer` */

DROP TABLE IF EXISTS `customer`;

CREATE TABLE `customer` (
  `id` bigint(12) unsigned NOT NULL AUTO_INCREMENT COMMENT '客户ID',
  `uid` bigint(12) NOT NULL COMMENT '用户ID',
  `pid` bigint(12) NOT NULL COMMENT '用户父ID',
  `email` varchar(128) DEFAULT NULL COMMENT '客户邮箱',
  `phone` varchar(255) DEFAULT NULL COMMENT '手机号',
  `address` varchar(255) DEFAULT NULL COMMENT '客户地址',
  `contact` varchar(255) DEFAULT NULL COMMENT '联系人',
  `remark` varchar(255) DEFAULT NULL COMMENT '备注',
  `change_time` timestamp NULL DEFAULT CURRENT_TIMESTAMP ON UPDATE CURRENT_TIMESTAMP COMMENT '最近更新',
  `create_time` timestamp NULL DEFAULT NULL COMMENT '创建时间',
  PRIMARY KEY (`id`),
  UNIQUE KEY `unique_keys` (`uid`)
) ENGINE=InnoDB AUTO_INCREMENT=58 DEFAULT CHARSET=utf8;

/*Data for the table `customer` */

insert  into `customer`(`id`,`uid`,`pid`,`email`,`phone`,`address`,`contact`,`remark`,`change_time`,`create_time`) values (1,5,2,'123456789@qq.com','333333333333','广州阿达','阿达的是的','广州阿达','2019-04-03 16:46:00','2019-03-28 09:43:22'),(2,1,0,'463786786834@qq.com','444444444444','深圳','123456789','超级管理员','2019-03-31 22:22:54','2019-03-28 13:33:58'),(3,2,1,'44654343524@qq.com','465678678574','上海','123456789','猪','2019-03-31 22:22:56','2019-03-28 13:37:04'),(4,3,1,'46436946979@qq.com','4524532453','南京','123456789','大象','2019-03-31 22:22:55','2019-03-28 13:38:33'),(5,6,3,'3452347547@qq.com','56867564586','北京','123456789','老虎','2019-03-31 22:22:57','2019-03-28 13:39:42'),(6,7,2,'5674687346365@qq.com','15846468543','南京','123456789','南京','2019-04-01 20:19:13','2019-03-28 13:40:35'),(7,8,5,'435276574878@qq.com','13545674856','杭州','123456789','杭州','2019-04-02 18:10:13','2019-03-28 13:41:24'),(8,9,5,'3452436785675@qq.com','1235243546','杭州','你呀','杭州','2019-04-01 20:21:21','2019-03-28 13:41:58'),(9,10,5,'5243657847684@qq.com','1314684645','温州诶我去','11234','温州','2019-04-03 16:46:54','2019-03-28 13:42:40'),(10,4,2,'435243655465@qq.com','1658464343','宁波','123456789','海豚二号','2019-03-31 22:23:03','2019-03-28 13:43:29'),(11,11,9,'948169@QQ.COM','99999999999','阿达尔','阿达','阿达尔','2019-04-01 19:54:46',NULL),(17,29,9,'948162@qq.com','123456789','株洲','123456789','熊猫','2019-03-31 22:23:04',NULL),(18,31,9,'948162@qq.com','123456789','株洲','123456789','熊猫','2019-03-31 22:23:07',NULL),(21,1405,5,'','0000000000','阿三','阿三大时代','时代时代时代时代','2019-04-03 16:55:35',NULL),(22,1406,5,'','121121321312','阿萨德','1231231','阿萨德112123','2019-04-03 16:49:31','2019-04-01 14:23:41'),(23,1407,5,'','','','','','2019-04-01 18:22:28','2019-04-01 14:38:34'),(24,1408,5,'','','','','','2019-04-01 18:01:14','2019-04-01 15:38:18'),(25,1409,5,'','','','','','2019-04-02 18:11:06','2019-04-01 15:41:21'),(26,1410,5,'','','','123','','2019-04-01 20:11:26','2019-04-01 15:41:44'),(27,1411,5,NULL,NULL,NULL,NULL,NULL,'2019-04-01 03:44:36','2019-04-01 15:44:36'),(28,1412,5,'','','','','','2019-04-01 20:04:15','2019-04-01 15:59:00'),(29,1413,5,'','','','阿达撒旦','','2019-04-01 19:44:51','2019-04-01 15:59:59'),(30,1414,5,NULL,NULL,NULL,NULL,NULL,'2019-04-01 04:29:11','2019-04-01 16:29:11'),(31,1415,5,NULL,NULL,NULL,NULL,NULL,'2019-04-01 05:50:17','2019-04-01 17:50:17'),(32,1416,5,'','','','123213','','2019-04-01 20:24:30','2019-04-01 17:51:53'),(33,1417,5,NULL,NULL,NULL,NULL,NULL,'2019-04-01 05:53:18','2019-04-01 17:53:18'),(34,1418,5,'','','','','','2019-04-02 18:15:30','2019-04-01 17:54:52'),(35,1419,5,'','','','阿三大时代','','2019-04-01 20:22:14','2019-04-01 18:25:29'),(36,1420,5,NULL,NULL,NULL,NULL,NULL,'2019-04-01 21:16:22','2019-04-02 09:16:19'),(37,1421,5,NULL,NULL,NULL,NULL,NULL,'2019-04-01 21:29:07','2019-04-02 09:29:04'),(38,1422,5,NULL,NULL,NULL,NULL,NULL,'2019-04-01 21:30:16','2019-04-02 09:30:13'),(39,1423,5,NULL,NULL,NULL,NULL,NULL,'2019-04-01 21:37:19','2019-04-02 09:37:17'),(40,1424,5,NULL,NULL,NULL,NULL,NULL,'2019-04-01 21:39:57','2019-04-02 09:39:54'),(41,1425,5,NULL,NULL,NULL,NULL,NULL,'2019-04-01 21:41:26','2019-04-02 09:41:23'),(42,1426,5,NULL,NULL,NULL,NULL,NULL,'2019-04-01 21:47:42','2019-04-02 09:47:40'),(43,1427,5,NULL,NULL,NULL,NULL,NULL,'2019-04-01 21:55:53','2019-04-02 09:55:51'),(44,1428,5,NULL,NULL,NULL,NULL,NULL,'2019-04-01 21:58:12','2019-04-02 09:58:09'),(45,1429,5,NULL,NULL,NULL,NULL,NULL,'2019-04-01 22:08:55','2019-04-02 10:08:52'),(46,1430,5,NULL,NULL,NULL,NULL,NULL,'2019-04-01 22:24:57','2019-04-02 10:24:54'),(47,1431,1430,NULL,NULL,NULL,NULL,NULL,'2019-04-02 02:17:06','2019-04-02 14:17:03'),(48,1432,5,NULL,NULL,NULL,NULL,NULL,'2019-04-02 02:18:06','2019-04-02 14:18:03'),(49,1433,5,NULL,NULL,NULL,NULL,NULL,'2019-04-02 02:20:15','2019-04-02 14:20:11'),(50,1434,5,'','13113123','','kczsa','','2019-04-02 17:44:23','2019-04-02 14:21:50'),(51,1435,5,NULL,NULL,NULL,NULL,NULL,'2019-04-02 02:24:10','2019-04-02 14:24:06'),(52,1436,5,NULL,NULL,NULL,NULL,NULL,'2019-04-03 03:22:24','2019-04-03 15:22:19'),(53,1437,5,NULL,NULL,NULL,NULL,NULL,'2019-04-03 04:37:26','2019-04-03 16:37:21'),(54,1438,5,NULL,NULL,NULL,NULL,NULL,'2019-04-03 23:25:15','2019-04-03 23:25:15'),(55,1439,5,'123456789@qq.com','','',NULL,'经销商','2019-04-04 03:23:31',NULL),(56,1440,1430,NULL,NULL,NULL,NULL,NULL,'2019-04-04 03:44:47','2019-04-04 15:44:47'),(57,1441,1430,NULL,NULL,NULL,NULL,NULL,'2019-04-04 03:45:18','2019-04-04 15:45:18');

/*Table structure for table `devices` */

DROP TABLE IF EXISTS `devices`;

CREATE TABLE `devices` (
  `id` int(10) unsigned NOT NULL AUTO_INCREMENT COMMENT '设备ID',
  `imei` varchar(32) DEFAULT NULL COMMENT '设备识别码',
  `user_name` varchar(128) DEFAULT '' COMMENT '用户名',
  `user_passwd` varchar(128) DEFAULT NULL COMMENT '用户密码',
  `account_id` int(10) DEFAULT NULL COMMENT '设备管理账户',
  `stat` smallint(3) unsigned DEFAULT '0' COMMENT '设备状态(0:有效, 其他:无效)',
  `active_stat` smallint(3) DEFAULT '0' COMMENT '激活状态(0:无激活, 1:激活)',
  `bind_stat` smallint(3) DEFAULT NULL COMMENT '绑定状态(0:未绑定, 1:绑定)',
  `create_time` timestamp NULL DEFAULT NULL COMMENT '创建时间',
  `last_login_time` timestamp NULL DEFAULT NULL COMMENT '最近登录',
  `change_time` timestamp NULL DEFAULT CURRENT_TIMESTAMP ON UPDATE CURRENT_TIMESTAMP COMMENT '最近修改时间',
  PRIMARY KEY (`id`),
  UNIQUE KEY `unique_keys` (`imei`,`user_name`) USING BTREE
) ENGINE=InnoDB AUTO_INCREMENT=115 DEFAULT CHARSET=utf8 COMMENT='设备表';

/*Data for the table `devices` */

insert  into `devices`(`id`,`imei`,`user_name`,`user_passwd`,`account_id`,`stat`,`active_stat`,`bind_stat`,`create_time`,`last_login_time`,`change_time`) values (1,'111111111111111','巡逻1号','123456',5,0,0,1,'2019-03-16 15:19:17',NULL,'2019-03-25 05:16:03'),(2,'123456789123456','巡逻2号','123456',5,0,0,1,'2019-03-16 15:26:42',NULL,'2019-03-25 05:17:03'),(3,'123456789121111','巡逻3号','123456',5,0,0,1,'2019-03-16 15:27:53',NULL,'2019-03-25 05:17:03'),(4,'224445544421111','巡逻4号','123456',5,0,0,1,'2019-03-16 16:55:36',NULL,'2019-03-25 05:17:03'),(8,'224445544421333','巡逻5号','123456',5,0,0,1,'2019-03-16 16:58:18',NULL,'2019-03-25 22:33:07'),(10,'123456789123450','巡逻6号','123456',5,0,0,1,'2019-03-16 17:05:21',NULL,'2019-03-25 22:33:07'),(11,'123456789123449','巡逻7号','123456',5,0,0,1,'2019-03-16 17:05:21',NULL,'2019-03-25 22:33:07'),(12,'123456789123448','巡逻8号','123456',5,0,0,1,'2019-03-16 17:05:21',NULL,'2019-03-25 22:33:07'),(13,'123456789123447','巡逻9号','123456',5,0,0,1,'2019-03-16 17:05:21',NULL,'2019-03-25 05:17:03'),(14,'123456789123446','巡逻10号','123456',5,0,0,1,'2019-03-16 17:05:21',NULL,'2019-03-25 05:17:03'),(15,'123456789123445','巡逻11号','123456',5,0,0,1,'2019-03-16 17:05:21',NULL,'2019-03-25 05:17:03'),(16,'123456789123444','巡逻12号','123456',5,0,0,1,'2019-03-16 17:05:21',NULL,'2019-03-25 05:17:03'),(17,'123456789123443','巡逻13号','123456',5,0,0,1,'2019-03-16 17:05:21',NULL,'2019-03-25 22:33:07'),(18,'123456789123442','巡逻14号','123456',5,0,0,1,'2019-03-16 17:05:21',NULL,'2019-03-25 05:17:03'),(19,'123456789123441','巡逻15号','123456',5,0,0,1,'2019-03-16 17:05:21',NULL,'2019-03-25 22:33:07'),(20,'123456789123440','巡逻16号','123456',5,0,0,1,'2019-03-16 17:05:21',NULL,'2019-03-25 05:17:03'),(21,'123456789123439','巡逻17号','123456',5,0,0,1,'2019-03-16 17:05:22',NULL,'2019-03-25 05:17:03'),(22,'123456789123438','警备18号','123456',5,0,0,1,'2019-03-16 17:05:22',NULL,'2019-03-25 22:33:07'),(23,'123456789123437','警备27号','123456',5,0,0,1,'2019-03-16 17:05:22',NULL,'2019-03-25 22:33:07'),(24,'123456789123436','巡逻20号','123456',5,0,0,1,'2019-03-16 17:05:22',NULL,'2019-03-25 22:33:07'),(25,'123456789123435','巡逻21号','123456',5,0,0,1,'2019-03-16 17:05:22',NULL,'2019-03-25 05:17:03'),(26,'123456789123434','巡逻22号','123456',5,0,0,1,'2019-03-16 17:05:22',NULL,'2019-03-25 05:17:03'),(27,'123456789123433','巡逻23号','123456',5,0,0,1,'2019-03-16 17:05:22',NULL,'2019-03-25 05:17:03'),(28,'123456789123432','巡逻24号','123456',5,0,0,1,'2019-03-16 17:05:22',NULL,'2019-03-25 05:17:03'),(29,'123456789123431','巡逻25号','123456',5,0,0,1,'2019-03-16 17:05:22',NULL,'2019-03-25 05:17:03'),(30,'123456789123430','巡逻26号','123456',5,0,0,1,'2019-03-16 17:05:22',NULL,'2019-03-25 05:17:03'),(31,'123456789123429','巡逻27号','123456',2,0,0,1,'2019-03-16 17:05:22',NULL,'2019-03-25 22:37:36'),(32,'123456789123428','巡逻28号','123456',2,0,0,1,'2019-03-16 17:05:22',NULL,'2019-03-25 22:37:36'),(33,'123456789123427','巡逻29号','123456',2,0,0,1,'2019-03-16 17:05:22',NULL,'2019-03-25 22:37:36'),(34,'123456789123426','巡逻30号','123456',2,0,0,1,'2019-03-16 17:05:22',NULL,'2019-03-25 22:37:36'),(35,'123456789123425','巡逻31号','123456',2,0,0,1,'2019-03-16 17:05:22',NULL,'2019-03-25 22:37:36'),(36,'123456789123424','巡逻32号','123456',2,0,0,1,'2019-03-16 17:05:22',NULL,'2019-03-25 22:37:36'),(37,'123456789123423','巡逻33号','123456',2,0,0,1,'2019-03-16 17:05:22',NULL,'2019-03-25 22:37:36'),(38,'123456789123422','巡逻34号','123456',2,0,0,1,'2019-03-16 17:05:22',NULL,'2019-03-25 22:37:36'),(39,'123456789123421','巡逻35号','123456',2,0,0,1,'2019-03-16 17:05:22',NULL,'2019-03-25 22:37:36'),(40,'123456789123420','巡逻36号','123456',2,0,0,1,'2019-03-16 17:05:22',NULL,'2019-03-25 22:37:36'),(41,'123456789123419','巡逻37号','123456',2,0,0,1,'2019-03-16 17:05:22',NULL,'2019-03-25 22:37:36'),(42,'123456789123418','巡逻38号','123456',2,0,0,1,'2019-03-16 17:05:22',NULL,'2019-03-25 22:37:36'),(43,'123456789123417','巡逻39号','123456',2,0,0,1,'2019-03-16 17:05:22',NULL,'2019-03-25 22:37:36'),(44,'123456789123416','巡逻40号','123456',2,0,0,1,'2019-03-16 17:05:22',NULL,'2019-03-25 22:37:36'),(45,'123456789123415','巡逻41号','123456',2,0,0,1,'2019-03-16 17:05:22',NULL,'2019-03-25 22:37:36'),(46,'123456789123414','巡逻42号','123456',2,0,0,1,'2019-03-16 17:05:22',NULL,'2019-03-25 22:37:36'),(47,'123456789123413','巡逻43号','123456',2,0,0,1,'2019-03-16 17:05:22',NULL,'2019-03-25 22:37:36'),(48,'123456789123412','巡逻44号','123456',2,0,0,1,'2019-03-16 17:05:22',NULL,'2019-03-25 22:37:36'),(49,'123456789123411','巡逻45号','123456',2,0,0,1,'2019-03-16 17:05:22',NULL,'2019-03-25 22:37:36'),(50,'123456789123410','巡逻46号','123456',5,0,0,1,'2019-03-16 17:05:22',NULL,'2019-03-25 05:17:03'),(51,'123456789123409','巡逻47号','123456',6,0,0,1,'2019-03-16 17:05:22',NULL,'2019-03-25 22:37:06'),(52,'123456789123408','巡逻48号','123456',6,0,0,1,'2019-03-16 17:05:22',NULL,'2019-03-25 22:37:06'),(53,'123456789123407','巡逻49号','123456',6,0,0,1,'2019-03-16 17:05:22',NULL,'2019-03-25 22:37:06'),(54,'123456789123406','巡逻50号','123456',6,0,0,1,'2019-03-16 17:05:22',NULL,'2019-03-25 22:37:06'),(55,'123456789123405','巡逻51号','123456',6,0,0,1,'2019-03-16 17:05:22',NULL,'2019-03-25 22:37:06'),(56,'123456789123404','巡逻52号','123456',6,0,0,1,'2019-03-16 17:05:22',NULL,'2019-03-25 22:37:06'),(57,'123456789123403','巡逻53号','123456',6,0,0,1,'2019-03-16 17:05:22',NULL,'2019-03-25 22:37:06'),(58,'123456789123402','巡逻54号','123456',6,0,0,1,'2019-03-16 17:05:22',NULL,'2019-03-25 22:37:06'),(59,'123456789123401','巡逻55号','123456',6,0,0,1,'2019-03-16 17:05:22',NULL,'2019-03-25 22:37:06'),(60,'123456789123400','巡逻56号','123456',6,0,0,1,'2019-03-16 17:05:22',NULL,'2019-03-25 22:37:06'),(61,'123456789123399','巡逻57号','123456',6,0,0,1,'2019-03-16 17:05:22',NULL,'2019-03-25 22:37:06'),(62,'123456789123398','巡逻58号','123456',6,0,0,1,'2019-03-16 17:05:22',NULL,'2019-03-25 22:37:06'),(63,'123456789123397','巡逻59号','123456',6,0,0,1,'2019-03-16 17:05:22',NULL,'2019-03-25 22:37:06'),(64,'123456789123396','巡逻60号','123456',6,0,0,1,'2019-03-16 17:05:22',NULL,'2019-03-25 22:37:06'),(65,'123456789123395','巡逻61号','123456',6,0,0,1,'2019-03-16 17:05:22',NULL,'2019-03-25 22:37:06'),(66,'123456789123394','巡逻62号','123456',6,0,0,1,'2019-03-16 17:05:23',NULL,'2019-03-25 22:37:06'),(67,'123456789123393','巡逻63号','123456',6,0,0,1,'2019-03-16 17:05:23',NULL,'2019-03-25 22:37:06'),(68,'123456789123392','巡逻64号','123456',6,0,0,1,'2019-03-16 17:05:23',NULL,'2019-03-25 22:37:06'),(69,'123456789123391','巡逻65号','123456',6,0,0,1,'2019-03-16 17:05:23',NULL,'2019-03-25 22:37:06'),(70,'123456789123390','巡逻66号','123456',5,0,0,1,'2019-03-16 17:05:23',NULL,'2019-03-25 05:17:03'),(71,'123456789123389','巡逻67号','123456',1,0,0,1,'2019-03-16 17:05:23',NULL,'2019-03-25 22:38:09'),(72,'123456789123388','巡逻68号','123456',1,0,0,1,'2019-03-16 17:05:23',NULL,'2019-03-25 22:38:09'),(73,'123456789123387','巡逻69号','123456',1,0,0,1,'2019-03-16 17:05:23',NULL,'2019-03-25 22:38:09'),(74,'123456789123386','巡逻70号','123456',1,0,0,1,'2019-03-16 17:05:23',NULL,'2019-03-25 22:38:09'),(75,'123456789123385','巡逻71号','123456',1,0,0,1,'2019-03-16 17:05:23',NULL,'2019-03-25 22:38:09'),(76,'123456789123384','巡逻72号','123456',1,0,0,1,'2019-03-16 17:05:23',NULL,'2019-03-25 22:38:09'),(77,'123456789123383','巡逻73号','123456',1,0,0,1,'2019-03-16 17:05:23',NULL,'2019-03-25 22:38:09'),(78,'123456789123382','巡逻74号','123456',1,0,0,1,'2019-03-16 17:05:23',NULL,'2019-03-25 22:38:09'),(79,'123456789123381','巡逻75号','123456',1,0,0,1,'2019-03-16 17:05:23',NULL,'2019-03-25 22:38:09'),(80,'123456789123380','巡逻76号','123456',1,0,0,1,'2019-03-16 17:05:23',NULL,'2019-03-25 22:38:09'),(81,'123456789123379','巡逻77号','123456',1,0,0,1,'2019-03-16 17:05:23',NULL,'2019-03-25 22:38:09'),(82,'123456789123378','巡逻78号','123456',1,0,0,1,'2019-03-16 17:05:23',NULL,'2019-03-25 22:38:09'),(83,'123456789123377','巡逻79号','123456',1,0,0,1,'2019-03-16 17:05:23',NULL,'2019-03-25 22:38:09'),(84,'123456789123376','巡逻80号','123456',1,0,0,1,'2019-03-16 17:05:23',NULL,'2019-03-25 22:38:09'),(85,'123456789123375','巡逻81号','123456',1,0,0,1,'2019-03-16 17:05:23',NULL,'2019-03-25 22:38:09'),(86,'123456789123374','巡逻82号','123456',1,0,0,1,'2019-03-16 17:05:23',NULL,'2019-03-25 22:38:09'),(87,'123456789123373','巡逻83号','123456',1,0,0,1,'2019-03-16 17:05:23',NULL,'2019-03-25 22:38:09'),(88,'123456789123372','巡逻84号','123456',1,0,0,1,'2019-03-16 17:05:23',NULL,'2019-03-25 22:38:09'),(89,'123456789123371','巡逻85号','123456',1,0,0,1,'2019-03-16 17:05:23',NULL,'2019-03-25 22:38:09'),(90,'123456789123370','巡逻86号','123456',5,0,0,1,'2019-03-16 17:05:23',NULL,'2019-03-25 05:17:03'),(91,'123456789123369','巡逻87号','123456',5,0,0,1,'2019-03-16 17:05:23',NULL,'2019-03-27 07:46:04'),(92,'123456789123368','巡逻88号','123456',5,0,0,1,'2019-03-16 17:05:23',NULL,'2019-03-27 07:46:04'),(93,'123456789123367','巡逻89号','123456',5,0,0,1,'2019-03-16 17:05:23',NULL,'2019-03-27 07:46:04'),(94,'123456789123366','巡逻90号','123456',5,0,0,1,'2019-03-16 17:05:23',NULL,'2019-03-27 07:46:04'),(95,'123456789123365','巡逻91号','123456',5,0,0,1,'2019-03-16 17:05:23',NULL,'2019-03-27 07:46:04'),(96,'123456789123364','巡逻92号','123456',5,0,0,1,'2019-03-16 17:05:23',NULL,'2019-03-27 07:46:04'),(97,'123456789123363','巡逻93号','123456',5,0,0,1,'2019-03-16 17:05:23',NULL,'2019-03-27 07:46:04'),(98,'123456789123362','巡逻94号','123456',7,0,0,1,'2019-03-16 17:05:23',NULL,'2019-03-25 22:35:41'),(99,'123456789123361','巡逻95号','123456',7,0,0,1,'2019-03-16 17:05:23',NULL,'2019-03-25 22:35:41'),(100,'123456789123360','巡逻96号','123456',7,0,0,1,'2019-03-16 17:05:23',NULL,'2019-03-25 22:35:41'),(101,'123456789123359','巡逻97号','123456',7,0,0,1,'2019-03-16 17:05:23',NULL,'2019-03-25 22:35:41'),(102,'123456789123358','巡逻98号','123456',7,0,0,1,'2019-03-16 17:05:23',NULL,'2019-03-25 22:35:41'),(103,'123456789123357','巡逻99号','123456',7,0,0,1,'2019-03-16 17:05:23',NULL,'2019-03-25 22:35:41'),(104,'172235931728864','batman','123456789',7,0,0,NULL,NULL,'2019-03-25 19:08:52','2019-03-25 22:35:41'),(105,'459943337518785','钢铁侠','123456789',7,0,0,NULL,NULL,'2019-03-25 19:17:51','2019-03-25 22:35:41'),(106,'374065305246167','caption','123456789',7,0,0,NULL,NULL,'2019-03-25 19:20:22','2019-03-25 22:35:41'),(107,'575243599535320','黑寡妇','123456789',7,0,0,NULL,NULL,'2019-03-25 19:23:46','2019-03-25 22:35:41'),(108,'123456789123456','123456','123456',7,0,0,NULL,NULL,'2019-03-26 09:29:14','2019-03-25 22:35:41'),(109,'123456789456789','456789','123456',7,0,0,NULL,NULL,'2019-03-26 09:35:24','2019-03-25 22:35:41'),(110,'218655854406530','hah','123d',1,0,0,NULL,NULL,'2019-03-26 20:20:22','2019-03-26 20:20:22'),(111,'628644095830158','haha','123d',1,0,0,NULL,NULL,'2019-03-27 08:50:31','2019-03-27 08:50:31'),(112,'421630938235078','雷坤','123d',1,0,0,NULL,NULL,'2019-03-27 02:42:43','2019-03-27 02:42:43'),(113,'754570591473361','songpeixin','songpeixin',1,0,0,NULL,NULL,'2019-03-27 03:22:11','2019-03-27 03:22:11'),(114,'721408376242393','songpeixiny','songpeixiny',1,0,0,NULL,NULL,'2019-03-27 03:56:52','2019-03-27 03:56:52');

/*Table structure for table `group_member` */

DROP TABLE IF EXISTS `group_member`;

CREATE TABLE `group_member` (
  `id` int(10) unsigned NOT NULL AUTO_INCREMENT COMMENT '组用户ID',
  `gid` int(10) unsigned DEFAULT NULL COMMENT '组ID',
  `uid` int(10) unsigned DEFAULT NULL COMMENT '设备ID',
  `role_type` smallint(2) unsigned NOT NULL DEFAULT '0' COMMENT '群用户角色(0: 普通成员，1: 群主)',
  `stat` smallint(10) DEFAULT '1' COMMENT '组和设备的状态 1 是有效，0是无效',
  `create_time` timestamp NULL DEFAULT CURRENT_TIMESTAMP COMMENT '创建时间',
  `change_time` timestamp NULL DEFAULT NULL COMMENT '更新时间',
  PRIMARY KEY (`id`)
) ENGINE=InnoDB AUTO_INCREMENT=645 DEFAULT CHARSET=utf8 COMMENT='组用户表';

/*Data for the table `group_member` */

insert  into `group_member`(`id`,`gid`,`uid`,`role_type`,`stat`,`create_time`,`change_time`) values (1,1,333,1,1,'2019-03-18 10:12:24',NULL),(2,2,333,1,1,'2019-03-18 10:12:26',NULL),(3,3,335,1,1,'2019-03-18 10:12:28',NULL),(4,4,336,1,1,'2019-03-18 10:12:30',NULL),(85,6,337,1,1,'2019-03-18 06:43:30',NULL),(86,1,338,1,1,'2019-03-18 06:43:30',NULL),(87,2,339,1,0,'2019-03-18 06:43:30',NULL),(88,3,433,1,0,'2019-03-18 06:43:30',NULL),(89,4,435,1,1,'2019-03-18 06:43:30',NULL),(95,6,435,1,1,'2019-03-19 05:43:16',NULL),(96,1,466,1,1,'2019-03-19 05:43:16',NULL),(97,10,465,1,1,'2019-03-19 05:43:16',NULL),(98,1,477,1,1,'2019-03-19 05:43:16',NULL),(99,2,478,1,1,'2019-03-19 06:10:35',NULL),(100,3,500,1,1,'2019-03-19 06:10:35',NULL),(101,4,501,1,1,'2019-03-19 06:10:35',NULL),(102,6,502,1,1,'2019-03-19 06:31:01',NULL),(103,10,503,1,1,'2019-03-19 06:31:08',NULL),(104,1,504,1,1,'2019-03-25 02:17:03',NULL),(105,10,387,1,1,'2019-03-25 02:17:03',NULL),(106,3,389,1,1,'2019-03-25 02:17:03',NULL),(107,4,388,1,1,'2019-03-25 02:17:03',NULL),(108,6,382,1,1,'2019-03-25 02:17:03',NULL),(109,33,381,1,1,'2019-03-27 03:10:24',NULL),(110,35,380,1,1,'2019-03-27 04:16:06',NULL),(141,44,900,1,1,'2019-03-29 02:02:50',NULL),(142,44,1000,1,1,'2019-03-29 02:02:50',NULL),(143,44,1100,1,1,'2019-03-29 02:02:50',NULL),(144,44,1200,1,1,'2019-03-29 02:02:50',NULL),(145,44,1300,1,1,'2019-03-29 02:02:50',NULL),(146,49,350,1,1,'2019-03-29 02:23:53',NULL),(147,49,351,1,1,'2019-03-29 02:23:53',NULL),(148,49,352,1,1,'2019-03-29 02:23:53',NULL),(150,58,0,0,1,'2019-04-01 23:47:36',NULL),(151,60,0,0,1,'2019-04-01 23:53:31',NULL),(333,117,1000,1,1,'2019-04-02 22:16:53',NULL),(334,117,1000,0,1,'2019-04-02 22:16:53',NULL),(335,117,1001,0,1,'2019-04-02 22:16:53',NULL),(336,117,1002,0,1,'2019-04-02 22:16:53',NULL),(341,119,1000,1,1,'2019-04-02 22:42:10',NULL),(342,119,1000,0,1,'2019-04-02 22:42:10',NULL),(343,119,1001,0,1,'2019-04-02 22:42:10',NULL),(344,119,1002,0,1,'2019-04-02 22:42:10',NULL),(538,117,333,0,1,'2019-04-03 22:32:23',NULL),(586,150,606,0,1,'2019-04-03 23:13:19',NULL),(587,150,607,0,1,'2019-04-03 23:13:19',NULL),(588,150,608,0,1,'2019-04-03 23:13:19',NULL),(589,150,1430,1,1,'2019-04-03 23:13:19',NULL),(590,151,611,0,1,'2019-04-03 23:13:31',NULL),(591,151,612,0,1,'2019-04-03 23:13:31',NULL),(592,151,613,0,1,'2019-04-03 23:13:31',NULL),(593,151,1430,1,1,'2019-04-03 23:13:31',NULL),(594,152,610,0,1,'2019-04-03 23:13:46',NULL),(595,152,611,0,1,'2019-04-03 23:13:46',NULL),(596,152,612,0,1,'2019-04-03 23:13:46',NULL),(597,152,1430,1,1,'2019-04-03 23:13:46',NULL),(608,154,608,0,1,'2019-04-03 23:24:18',NULL),(609,154,609,0,1,'2019-04-03 23:24:18',NULL),(610,154,1430,1,1,'2019-04-03 23:24:18',NULL),(611,153,610,0,1,'2019-04-03 23:35:33',NULL),(612,153,612,0,1,'2019-04-03 23:35:33',NULL),(613,153,613,0,1,'2019-04-03 23:35:33',NULL),(614,153,615,0,1,'2019-04-03 23:35:33',NULL),(615,153,1430,1,1,'2019-04-03 23:35:33',NULL),(616,155,606,0,1,'2019-04-03 23:37:09',NULL),(617,155,607,0,1,'2019-04-03 23:37:09',NULL),(618,155,608,0,1,'2019-04-03 23:37:09',NULL),(619,155,609,0,1,'2019-04-03 23:37:09',NULL),(620,155,610,0,1,'2019-04-03 23:37:09',NULL),(621,155,611,0,1,'2019-04-03 23:37:09',NULL),(622,155,612,0,1,'2019-04-03 23:37:09',NULL),(623,155,614,0,1,'2019-04-03 23:37:09',NULL),(624,155,615,0,1,'2019-04-03 23:37:09',NULL),(625,155,1261,0,1,'2019-04-03 23:37:09',NULL),(626,155,1262,0,1,'2019-04-03 23:37:09',NULL),(627,155,1263,0,1,'2019-04-03 23:37:09',NULL),(628,155,1265,0,1,'2019-04-03 23:37:09',NULL),(629,155,1266,0,1,'2019-04-03 23:37:09',NULL),(630,155,1267,0,1,'2019-04-03 23:37:09',NULL),(631,155,1268,0,1,'2019-04-03 23:37:09',NULL),(632,155,1269,0,1,'2019-04-03 23:37:09',NULL),(633,155,1270,0,1,'2019-04-03 23:37:09',NULL),(634,155,1271,0,1,'2019-04-03 23:37:09',NULL),(635,155,1272,0,1,'2019-04-03 23:37:09',NULL),(636,155,1273,0,1,'2019-04-03 23:37:09',NULL),(637,155,1274,0,1,'2019-04-03 23:37:09',NULL),(638,155,1275,0,1,'2019-04-03 23:37:09',NULL),(639,155,1276,0,1,'2019-04-03 23:37:09',NULL),(640,155,1277,0,1,'2019-04-03 23:37:09',NULL),(641,155,1278,0,1,'2019-04-03 23:37:09',NULL),(642,155,1279,0,1,'2019-04-03 23:37:09',NULL),(643,155,1280,0,1,'2019-04-03 23:37:09',NULL),(644,155,1430,1,1,'2019-04-03 23:37:09',NULL);

/*Table structure for table `message` */

DROP TABLE IF EXISTS `message`;

CREATE TABLE `message` (
  `id` int(11) unsigned NOT NULL AUTO_INCREMENT COMMENT '消息ID',
  `uid` bigint(12) DEFAULT NULL COMMENT 'UID',
  `sender_id` bigint(12) DEFAULT NULL COMMENT '发送者UID',
  `msg_type` smallint(3) unsigned DEFAULT '0' COMMENT '消息类型(0:文本消息, 1:图片,2:音频, 3:视频,4:位置)',
  `content` varchar(255) DEFAULT NULL COMMENT '消息内容',
  `stat` smallint(2) unsigned DEFAULT '0' COMMENT '消息状态(0: 未读, 1: 已读)',
  `create_time` timestamp NULL DEFAULT NULL COMMENT '创建时间',
  PRIMARY KEY (`id`),
  UNIQUE KEY `unique_keys` (`uid`,`sender_id`,`content`) USING BTREE
) ENGINE=InnoDB DEFAULT CHARSET=utf8 COMMENT='信息表';

/*Data for the table `message` */

/*Table structure for table `privilege` */

DROP TABLE IF EXISTS `privilege`;

CREATE TABLE `privilege` (
  `id` int(10) unsigned NOT NULL AUTO_INCREMENT COMMENT '权限ID',
  `account_id` int(10) unsigned NOT NULL COMMENT '账户ID',
  `type` smallint(5) DEFAULT NULL COMMENT '权限类型(0:组，1:设备，2：用户)',
  `privilege` smallint(5) DEFAULT NULL COMMENT '(0: 无权限, 1:只读, 2:读写)',
  `create_time` timestamp NULL DEFAULT CURRENT_TIMESTAMP COMMENT '创建时间',
  PRIMARY KEY (`id`),
  UNIQUE KEY `unique_keys` (`account_id`,`type`)
) ENGINE=InnoDB DEFAULT CHARSET=utf8 COMMENT='权限表';

/*Data for the table `privilege` */

/*Table structure for table `sessions` */

DROP TABLE IF EXISTS `sessions`;

CREATE TABLE `sessions` (
  `session_id` varchar(255) NOT NULL,
  `TTL` varchar(255) DEFAULT NULL,
  `login_name` varchar(255) DEFAULT NULL,
  PRIMARY KEY (`session_id`)
) ENGINE=InnoDB DEFAULT CHARSET=utf8;

/*Data for the table `sessions` */

/*Table structure for table `user` */

DROP TABLE IF EXISTS `user`;

CREATE TABLE `user` (
  `id` bigint(12) unsigned NOT NULL AUTO_INCREMENT COMMENT '用户ID',
  `name` varchar(128) DEFAULT NULL COMMENT '用户名',
  `nick_name` varchar(128) DEFAULT NULL COMMENT '昵称',
  `passwd` varchar(255) DEFAULT NULL COMMENT '密码',
  `imei` varchar(255) DEFAULT NULL COMMENT 'IMEI（非普通用户的imei号是1，普通用户的imei号是15位）',
  `user_type` smallint(3) DEFAULT NULL COMMENT '用户类型(暂定1是普通用户，2是调度员，3是经销商, 4是超级管理员)',
  `pid` bigint(12) NOT NULL DEFAULT '0' COMMENT '父ID（非普通用户拥有父id，普通用户只有被管理者的id，就是cid）',
  `cid` bigint(12) NOT NULL COMMENT '该普通用户属于哪一个客户表中的客户所管理 如果是非普通用户就是默认为0（因为customer表里面没有0号）',
  `last_login_time` timestamp NULL DEFAULT NULL COMMENT '最近登录',
  `change_time` timestamp NULL DEFAULT CURRENT_TIMESTAMP ON UPDATE CURRENT_TIMESTAMP COMMENT '最近修改',
  `create_time` timestamp NULL DEFAULT NULL COMMENT '创建时间',
  PRIMARY KEY (`id`),
  UNIQUE KEY `unique` (`name`)
) ENGINE=InnoDB AUTO_INCREMENT=1442 DEFAULT CHARSET=utf8;

/*Data for the table `user` */

insert  into `user`(`id`,`name`,`nick_name`,`passwd`,`imei`,`user_type`,`pid`,`cid`,`last_login_time`,`change_time`,`create_time`) values (1,'SuperRoot','root','666666','1',5,0,0,'2019-03-28 13:48:19','2019-04-01 02:18:34','2019-03-28 13:48:17'),(2,'pig_peiqi','peiqi','111111','1',2,1,0,'2019-03-28 12:00:42','2019-03-30 04:09:55','2019-03-28 12:00:45'),(3,'elephant','wiki','123456','1',2,1,0,'2019-03-28 11:49:00','2019-03-27 23:56:43','2019-03-28 11:49:02'),(4,'dolphin2','kiki','123456','1',2,2,0,'2019-03-28 13:44:53','2019-03-28 01:48:04','2019-03-28 13:44:55'),(5,'dolphin','na大','111111','1',4,2,0,'2019-03-28 11:45:38','2019-04-04 01:49:38','2019-03-28 11:45:40'),(6,'tiger_p','panpan','122346','1',2,3,0,'2019-03-28 13:45:41','2019-03-30 04:10:03','2019-03-28 13:45:44'),(7,'zebra1','大苏打','222222','1',2,5,0,'2019-03-28 13:48:13','2019-04-01 20:19:13','2019-03-28 13:48:15'),(8,'zebra3','的撒as','123455','1',2,5,0,'2019-03-28 13:48:49','2019-04-02 18:10:13','2019-03-28 13:48:51'),(9,'tiger2','分不出阿三大','111111','1',2,5,0,'2019-03-28 13:49:21','2019-04-01 20:21:21','2019-03-28 13:49:23'),(10,'zebras','阿达','132432','1',2,5,0,'2019-03-28 13:49:55','2019-04-03 16:46:54','2019-03-28 13:49:57'),(11,'panda2','阿达撒旦','123456789','1',2,5,0,'2019-03-30 15:54:13','2019-04-01 19:54:46','2019-03-30 15:54:16'),(12,'雷坤','雷坤','123d','214748364712345',1,0,1,'2019-03-28 14:50:37','2019-03-29 02:40:38','2019-03-28 14:50:37'),(20,'panda5','winna','123456789','1',2,9,0,'2019-03-30 15:54:21','2019-03-30 03:55:56','2019-03-30 15:54:23'),(29,'panda3','winna','123456789','1',2,9,0,'2019-03-30 15:54:17','2019-03-30 03:54:45','2019-03-30 15:54:20'),(31,'panda4','winna','123456789','1',2,9,0,'2019-03-30 15:54:25','2019-03-30 03:54:54','2019-03-30 15:54:27'),(300,'264300','车载300号','123456','123456783264300',1,0,1407,'2019-03-29 14:33:41','2019-04-01 02:46:01','2019-03-29 14:33:41'),(301,'264301','车载301号','123456','123456783264301',1,0,1419,'2019-03-29 14:33:41','2019-04-01 08:22:05','2019-03-29 14:33:41'),(302,'264302','车载302号','123456','123456783264302',1,0,1419,'2019-03-29 14:33:41','2019-04-01 08:22:05','2019-03-29 14:33:41'),(303,'264303','车载303号','123456','123456783264303',1,0,1407,'2019-03-29 14:33:42','2019-04-01 02:46:01','2019-03-29 14:33:42'),(304,'264304','车载304号','123456','123456783264304',1,0,1419,'2019-03-29 14:33:42','2019-04-01 08:22:05','2019-03-29 14:33:42'),(305,'264305','车载305号','123456','123456783264305',1,0,1406,'2019-03-29 14:33:42','2019-04-01 02:46:18','2019-03-29 14:33:42'),(306,'264306','车载306号','123456','123456783264306',1,0,1413,'2019-03-29 14:33:42','2019-04-01 04:00:40','2019-03-29 14:33:42'),(307,'264307','车载307号','123456','123456783264307',1,0,1413,'2019-03-29 14:33:42','2019-04-01 04:00:40','2019-03-29 14:33:42'),(308,'264308','车载308号','123456','123456783264308',1,0,1413,'2019-03-29 14:33:42','2019-04-01 04:00:40','2019-03-29 14:33:42'),(309,'264309','车载309号','123456','123456783264309',1,0,1413,'2019-03-29 14:33:42','2019-04-01 04:00:40','2019-03-29 14:33:42'),(310,'264310','车载310号','123456','123456783264310',1,0,1413,'2019-03-29 14:33:42','2019-04-01 04:00:40','2019-03-29 14:33:42'),(311,'264311','车载311号','123456','123456783264311',1,0,1413,'2019-03-29 14:33:42','2019-04-01 04:00:40','2019-03-29 14:33:42'),(312,'264312','车载312号','123456','123456783264312',1,0,1413,'2019-03-29 14:33:42','2019-04-01 04:00:40','2019-03-29 14:33:42'),(313,'264313','车载313号','123456','123456783264313',1,0,1413,'2019-03-29 14:33:42','2019-04-01 04:00:40','2019-03-29 14:33:42'),(314,'264314','车载314号','123456','123456783264314',1,0,1413,'2019-03-29 14:33:42','2019-04-01 04:00:40','2019-03-29 14:33:42'),(315,'264315','车载315号','123456','123456783264315',1,0,1413,'2019-03-29 14:33:42','2019-04-01 04:00:40','2019-03-29 14:33:42'),(316,'264316','车载316号','123456','123456783264316',1,0,1405,'2019-03-29 14:33:42','2019-04-03 23:31:19','2019-03-29 14:33:42'),(317,'264317','车载317号','123456','123456783264317',1,0,1405,'2019-03-29 14:33:42','2019-04-03 23:31:19','2019-03-29 14:33:42'),(318,'264318','车载318号','123456','123456783264318',1,0,1405,'2019-03-29 14:33:43','2019-04-03 23:31:19','2019-03-29 14:33:43'),(319,'264319','车载319号','123456','123456783264319',1,0,1405,'2019-03-29 14:33:43','2019-04-03 23:31:19','2019-03-29 14:33:43'),(320,'264320','车载320号','123456','123456783264320',1,0,1419,'2019-03-29 14:33:43','2019-04-01 08:22:05','2019-03-29 14:33:43'),(321,'264321','车载321号','123456','123456783264321',1,0,1406,'2019-03-29 14:33:43','2019-04-01 02:46:18','2019-03-29 14:33:43'),(322,'264322','车载322号','123456','123456783264322',1,0,1406,'2019-03-29 14:33:44','2019-04-01 02:46:18','2019-03-29 14:33:44'),(323,'264323','车载323号','123456','123456783264323',1,0,1419,'2019-03-29 14:33:44','2019-04-01 08:22:05','2019-03-29 14:33:44'),(324,'264324','车载324号','123456','123456783264324',1,0,1419,'2019-03-29 14:33:44','2019-04-01 08:22:05','2019-03-29 14:33:44'),(325,'264325','车载325号','123456','123456783264325',1,0,1419,'2019-03-29 14:33:44','2019-04-01 08:22:05','2019-03-29 14:33:44'),(326,'264326','车载326号','123456','123456783264326',1,0,1406,'2019-03-29 14:33:45','2019-04-01 02:46:18','2019-03-29 14:33:45'),(327,'264327','车载327号','123456','123456783264327',1,0,1407,'2019-03-29 14:34:05','2019-04-01 02:46:01','2019-03-29 14:34:05'),(328,'264328','车载328号','123456','123456783264328',1,0,1419,'2019-03-29 14:34:05','2019-04-01 08:22:05','2019-03-29 14:34:05'),(329,'264329','车载329号','123456','123456783264329',1,0,1419,'2019-03-29 14:34:05','2019-04-01 08:22:05','2019-03-29 14:34:05'),(330,'264330','车载330号','123456','123456783264330',1,0,5,'2019-03-29 14:34:05','2019-03-29 02:34:23','2019-03-29 14:34:05'),(331,'264331','车载331号','123456','123456783264331',1,0,5,'2019-03-29 14:34:05','2019-03-29 02:34:23','2019-03-29 14:34:05'),(332,'264332','车载332号','123456','123456783264332',1,0,5,'2019-03-29 14:34:05','2019-03-29 02:34:23','2019-03-29 14:34:05'),(333,'264333','车载333号','123456','123456783264333',1,0,5,'2019-03-29 14:34:05','2019-03-29 02:34:23','2019-03-29 14:34:05'),(334,'264334','车载334号','123456','123456783264334',1,0,5,'2019-03-29 14:34:05','2019-03-29 02:34:23','2019-03-29 14:34:05'),(335,'264335','车载335号','123456','123456783264335',1,0,5,'2019-03-29 14:34:05','2019-03-29 02:34:23','2019-03-29 14:34:05'),(336,'264336','车载336号','123456','123456783264336',1,0,5,'2019-03-29 14:34:05','2019-03-29 02:34:23','2019-03-29 14:34:05'),(337,'264337','车载337号','123456','123456783264337',1,0,5,'2019-03-29 14:34:05','2019-03-29 02:34:23','2019-03-29 14:34:05'),(338,'264338','车载338号','123456','123456783264338',1,0,5,'2019-03-29 14:34:05','2019-03-29 02:34:23','2019-03-29 14:34:05'),(339,'264339','车载339号','123456','123456783264339',1,0,5,'2019-03-29 14:34:05','2019-03-29 02:34:23','2019-03-29 14:34:05'),(340,'264340','车载340号','123456','123456783264340',1,0,5,'2019-03-29 14:34:05','2019-03-29 02:34:23','2019-03-29 14:34:05'),(341,'264341','车载341号','123456','123456783264341',1,0,5,'2019-03-29 14:34:05','2019-03-29 02:34:23','2019-03-29 14:34:05'),(342,'264342','车载342号','123456','123456783264342',1,0,5,'2019-03-29 14:34:05','2019-03-29 02:34:24','2019-03-29 14:34:05'),(343,'264343','车载343号','123456','123456783264343',1,0,5,'2019-03-29 14:34:05','2019-03-29 02:34:24','2019-03-29 14:34:05'),(344,'ch','车载344号','123456','123456783264344',1,0,5,'2019-03-29 14:34:05','2019-04-03 06:04:06','2019-03-29 14:34:05'),(345,'264345','车载345号','123456','123456783264345',1,0,5,'2019-03-29 14:34:05','2019-03-29 02:34:24','2019-03-29 14:34:05'),(346,'264346','车载346号','123456','123456783264346',1,0,5,'2019-03-29 14:34:05','2019-03-29 02:34:24','2019-03-29 14:34:05'),(347,'264347','车载347号','123456','123456783264347',1,0,5,'2019-03-29 14:34:05','2019-03-29 02:34:24','2019-03-29 14:34:05'),(348,'264348','车载348号','123456','123456783264348',1,0,5,'2019-03-29 14:34:05','2019-03-29 02:34:24','2019-03-29 14:34:05'),(349,'264349','车载349号','123456','123456783264349',1,0,5,'2019-03-29 14:34:05','2019-03-29 02:34:24','2019-03-29 14:34:05'),(350,'264350','车载350号','123456','123456783264350',1,0,5,'2019-03-29 14:34:05','2019-03-29 02:34:24','2019-03-29 14:34:05'),(351,'264351','车载351号','123456','123456783264351',1,0,5,'2019-03-29 14:34:05','2019-03-29 02:34:24','2019-03-29 14:34:05'),(352,'264352','车载352号','123456','123456783264352',1,0,5,'2019-03-29 14:34:06','2019-03-29 02:34:24','2019-03-29 14:34:06'),(353,'264353','车载353号','123456','123456783264353',1,0,5,'2019-03-29 14:34:06','2019-03-29 02:34:24','2019-03-29 14:34:06'),(354,'264354','车载354号','123456','123456783264354',1,0,5,'2019-03-29 14:34:06','2019-03-29 02:34:24','2019-03-29 14:34:06'),(355,'264355','车载355号','123456','123456783264355',1,0,5,'2019-03-29 14:34:06','2019-03-29 02:34:24','2019-03-29 14:34:06'),(356,'264356','车载356号','123456','123456783264356',1,0,5,'2019-03-29 14:34:06','2019-03-29 02:34:24','2019-03-29 14:34:06'),(357,'264357','车载357号','123456','123456783264357',1,0,5,'2019-03-29 14:34:06','2019-03-29 02:34:24','2019-03-29 14:34:06'),(358,'264358','车载358号','123456','123456783264358',1,0,5,'2019-03-29 14:34:06','2019-03-29 02:34:24','2019-03-29 14:34:06'),(359,'264359','车载359号','123456','123456783264359',1,0,5,'2019-03-29 14:34:06','2019-03-29 02:34:24','2019-03-29 14:34:06'),(360,'264360','车载360号','123456','123456783264360',1,0,5,'2019-03-29 14:34:06','2019-03-29 02:34:24','2019-03-29 14:34:06'),(361,'264361','车载361号','123456','123456783264361',1,0,5,'2019-03-29 14:34:06','2019-03-29 02:34:24','2019-03-29 14:34:06'),(362,'264362','车载362号','123456','123456783264362',1,0,5,'2019-03-29 14:34:06','2019-03-29 02:34:24','2019-03-29 14:34:06'),(363,'264363','车载363号','123456','123456783264363',1,0,5,'2019-03-29 14:34:06','2019-03-29 02:34:24','2019-03-29 14:34:06'),(364,'264364','车载364号','123456','123456783264364',1,0,5,'2019-03-29 14:34:06','2019-03-29 02:34:24','2019-03-29 14:34:06'),(365,'264365','车载365号','123456','123456783264365',1,0,5,'2019-03-29 14:34:06','2019-03-29 02:34:24','2019-03-29 14:34:06'),(366,'264366','车载366号','123456','123456783264366',1,0,5,'2019-03-29 14:34:06','2019-03-29 02:34:24','2019-03-29 14:34:06'),(367,'264367','车载367号','123456','123456783264367',1,0,5,'2019-03-29 14:34:06','2019-03-29 02:34:24','2019-03-29 14:34:06'),(368,'264368','车载368号','123456','123456783264368',1,0,5,'2019-03-29 14:34:06','2019-03-29 02:34:25','2019-03-29 14:34:06'),(369,'264369','车载369号','123456','123456783264369',1,0,5,'2019-03-29 14:34:06','2019-03-29 02:34:25','2019-03-29 14:34:06'),(370,'264370','车载370号','123456','123456783264370',1,0,5,'2019-03-29 14:34:06','2019-03-29 02:34:25','2019-03-29 14:34:06'),(371,'264371','车载371号','123456','123456783264371',1,0,5,'2019-03-29 14:34:06','2019-03-29 02:34:25','2019-03-29 14:34:06'),(372,'264372','车载372号','123456','123456783264372',1,0,5,'2019-03-29 14:34:06','2019-03-29 02:34:25','2019-03-29 14:34:06'),(373,'264373','车载373号','123456','123456783264373',1,0,5,'2019-03-29 14:34:06','2019-03-29 02:34:25','2019-03-29 14:34:06'),(374,'264374','车载374号','123456','123456783264374',1,0,5,'2019-03-29 14:34:06','2019-03-29 02:34:25','2019-03-29 14:34:06'),(375,'264375','车载375号','123456','123456783264375',1,0,5,'2019-03-29 14:34:06','2019-03-29 02:34:25','2019-03-29 14:34:06'),(376,'264376','车载376号','123456','123456783264376',1,0,5,'2019-03-29 14:34:07','2019-03-29 02:34:25','2019-03-29 14:34:07'),(377,'264377','车载377号','123456','123456783264377',1,0,5,'2019-03-29 14:34:07','2019-03-29 02:34:25','2019-03-29 14:34:07'),(378,'264378','车载378号','123456','123456783264378',1,0,5,'2019-03-29 14:34:07','2019-03-29 02:34:25','2019-03-29 14:34:07'),(379,'264379','车载379号','123456','123456783264379',1,0,5,'2019-03-29 14:34:07','2019-03-29 02:34:25','2019-03-29 14:34:07'),(380,'264380','车载380号','123456','123456783264380',1,0,5,'2019-03-29 14:34:07','2019-03-29 02:34:25','2019-03-29 14:34:07'),(381,'264381','车载381号','123456','123456783264381',1,0,5,'2019-03-29 14:34:07','2019-03-29 02:34:25','2019-03-29 14:34:07'),(382,'264382','车载382号','123456','123456783264382',1,0,5,'2019-03-29 14:34:07','2019-03-29 02:34:25','2019-03-29 14:34:07'),(383,'264383','车载383号','123456','123456783264383',1,0,5,'2019-03-29 14:34:07','2019-03-29 02:34:25','2019-03-29 14:34:07'),(384,'264384','车载384号','123456','123456783264384',1,0,5,'2019-03-29 14:34:07','2019-03-29 02:34:25','2019-03-29 14:34:07'),(385,'264385','车载385号','123456','123456783264385',1,0,5,'2019-03-29 14:34:07','2019-03-29 02:34:25','2019-03-29 14:34:07'),(386,'264386','车载386号','123456','123456783264386',1,0,5,'2019-03-29 14:34:07','2019-03-29 02:34:25','2019-03-29 14:34:07'),(387,'264387','车载387号','123456','123456783264387',1,0,5,'2019-03-29 14:34:07','2019-03-29 02:34:26','2019-03-29 14:34:07'),(388,'264388','车载388号','123456','123456783264388',1,0,5,'2019-03-29 14:34:07','2019-03-29 02:34:26','2019-03-29 14:34:07'),(389,'264389','车载389号','123456','123456783264389',1,0,5,'2019-03-29 14:34:07','2019-03-29 02:34:26','2019-03-29 14:34:07'),(390,'264390','车载390号','123456','123456783264390',1,0,5,'2019-03-29 14:34:07','2019-03-29 02:34:26','2019-03-29 14:34:07'),(391,'264391','车载391号','123456','123456783264391',1,0,5,'2019-03-29 14:34:07','2019-03-29 02:34:26','2019-03-29 14:34:07'),(392,'264392','车载392号','123456','123456783264392',1,0,5,'2019-03-29 14:34:07','2019-03-29 02:34:26','2019-03-29 14:34:07'),(393,'264393','车载393号','123456','123456783264393',1,0,5,'2019-03-29 14:34:07','2019-03-29 02:34:26','2019-03-29 14:34:07'),(394,'264394','车载394号','123456','123456783264394',1,0,5,'2019-03-29 14:34:07','2019-03-29 02:34:26','2019-03-29 14:34:07'),(395,'264395','车载395号','123456','123456783264395',1,0,5,'2019-03-29 14:34:07','2019-03-29 02:34:26','2019-03-29 14:34:07'),(396,'264396','车载396号','123456','123456783264396',1,0,5,'2019-03-29 14:34:07','2019-03-29 02:34:26','2019-03-29 14:34:07'),(397,'264397','车载397号','123456','123456783264397',1,0,5,'2019-03-29 14:34:07','2019-03-29 02:34:26','2019-03-29 14:34:07'),(398,'264398','车载398号','123456','123456783264398',1,0,5,'2019-03-29 14:34:08','2019-03-29 02:34:26','2019-03-29 14:34:08'),(399,'264399','车载399号','123456','123456783264399',1,0,5,'2019-03-29 14:34:08','2019-03-29 02:34:26','2019-03-29 14:34:08'),(400,'265400','车载400号','123456','123456783265400',1,0,4,'2019-03-29 14:35:07','2019-03-29 02:35:25','2019-03-29 14:35:07'),(401,'265401','车载401号','123456','123456783265401',1,0,4,'2019-03-29 14:35:07','2019-03-29 02:35:25','2019-03-29 14:35:07'),(402,'265402','车载402号','123456','123456783265402',1,0,4,'2019-03-29 14:35:07','2019-03-29 02:35:25','2019-03-29 14:35:07'),(403,'265403','车载403号','123456','123456783265403',1,0,4,'2019-03-29 14:35:07','2019-03-29 02:35:25','2019-03-29 14:35:07'),(404,'265404','车载404号','123456','123456783265404',1,0,4,'2019-03-29 14:35:07','2019-03-29 02:35:25','2019-03-29 14:35:07'),(405,'265405','车载405号','123456','123456783265405',1,0,4,'2019-03-29 14:35:07','2019-03-29 02:35:25','2019-03-29 14:35:07'),(406,'265406','车载406号','123456','123456783265406',1,0,4,'2019-03-29 14:35:07','2019-03-29 02:35:25','2019-03-29 14:35:07'),(407,'265407','车载407号','123456','123456783265407',1,0,4,'2019-03-29 14:35:07','2019-03-29 02:35:25','2019-03-29 14:35:07'),(408,'265408','车载408号','123456','123456783265408',1,0,4,'2019-03-29 14:35:07','2019-03-29 02:35:26','2019-03-29 14:35:07'),(409,'265409','车载409号','123456','123456783265409',1,0,4,'2019-03-29 14:35:07','2019-03-29 02:35:26','2019-03-29 14:35:07'),(410,'265410','车载410号','123456','123456783265410',1,0,4,'2019-03-29 14:35:07','2019-03-29 02:35:26','2019-03-29 14:35:07'),(411,'265411','车载411号','123456','123456783265411',1,0,4,'2019-03-29 14:35:07','2019-03-29 02:35:26','2019-03-29 14:35:07'),(412,'265412','车载412号','123456','123456783265412',1,0,4,'2019-03-29 14:35:07','2019-03-29 02:35:26','2019-03-29 14:35:07'),(413,'265413','车载413号','123456','123456783265413',1,0,4,'2019-03-29 14:35:07','2019-03-29 02:35:26','2019-03-29 14:35:07'),(414,'265414','车载414号','123456','123456783265414',1,0,4,'2019-03-29 14:35:07','2019-03-29 02:35:26','2019-03-29 14:35:07'),(415,'265415','车载415号','123456','123456783265415',1,0,4,'2019-03-29 14:35:07','2019-03-29 02:35:26','2019-03-29 14:35:07'),(416,'265416','车载416号','123456','123456783265416',1,0,4,'2019-03-29 14:35:07','2019-03-29 02:35:26','2019-03-29 14:35:07'),(417,'265417','车载417号','123456','123456783265417',1,0,4,'2019-03-29 14:35:07','2019-03-29 02:35:26','2019-03-29 14:35:07'),(418,'265418','车载418号','123456','123456783265418',1,0,4,'2019-03-29 14:35:07','2019-03-29 02:35:26','2019-03-29 14:35:07'),(419,'265419','车载419号','123456','123456783265419',1,0,4,'2019-03-29 14:35:08','2019-03-29 02:35:26','2019-03-29 14:35:08'),(420,'265420','车载420号','123456','123456783265420',1,0,4,'2019-03-29 14:35:08','2019-03-29 02:35:26','2019-03-29 14:35:08'),(421,'265421','车载421号','123456','123456783265421',1,0,4,'2019-03-29 14:35:08','2019-03-29 02:35:26','2019-03-29 14:35:08'),(422,'265422','车载422号','123456','123456783265422',1,0,4,'2019-03-29 14:35:08','2019-03-29 02:35:26','2019-03-29 14:35:08'),(423,'265423','车载423号','123456','123456783265423',1,0,4,'2019-03-29 14:35:08','2019-03-29 02:35:26','2019-03-29 14:35:08'),(424,'265424','车载424号','123456','123456783265424',1,0,4,'2019-03-29 14:35:08','2019-03-29 02:35:26','2019-03-29 14:35:08'),(425,'265425','车载425号','123456','123456783265425',1,0,4,'2019-03-29 14:35:08','2019-03-29 02:35:26','2019-03-29 14:35:08'),(426,'265426','车载426号','123456','123456783265426',1,0,4,'2019-03-29 14:35:08','2019-03-29 02:35:26','2019-03-29 14:35:08'),(427,'265427','车载427号','123456','123456783265427',1,0,4,'2019-03-29 14:35:08','2019-03-29 02:35:26','2019-03-29 14:35:08'),(428,'265428','车载428号','123456','123456783265428',1,0,4,'2019-03-29 14:35:08','2019-03-29 02:35:26','2019-03-29 14:35:08'),(429,'265429','车载429号','123456','123456783265429',1,0,4,'2019-03-29 14:35:08','2019-03-29 02:35:26','2019-03-29 14:35:08'),(430,'265430','车载430号','123456','123456783265430',1,0,4,'2019-03-29 14:35:08','2019-03-29 02:35:26','2019-03-29 14:35:08'),(431,'265431','车载431号','123456','123456783265431',1,0,4,'2019-03-29 14:35:08','2019-03-29 02:35:26','2019-03-29 14:35:08'),(432,'265432','车载432号','123456','123456783265432',1,0,4,'2019-03-29 14:35:08','2019-03-29 02:35:26','2019-03-29 14:35:08'),(433,'265433','车载433号','123456','123456783265433',1,0,4,'2019-03-29 14:35:08','2019-03-29 02:35:26','2019-03-29 14:35:08'),(434,'265434','车载434号','123456','123456783265434',1,0,4,'2019-03-29 14:35:08','2019-03-29 02:35:26','2019-03-29 14:35:08'),(435,'265435','车载435号','123456','123456783265435',1,0,4,'2019-03-29 14:35:08','2019-03-29 02:35:27','2019-03-29 14:35:08'),(436,'265436','车载436号','123456','123456783265436',1,0,4,'2019-03-29 14:35:08','2019-03-29 02:35:27','2019-03-29 14:35:08'),(437,'265437','车载437号','123456','123456783265437',1,0,4,'2019-03-29 14:35:08','2019-03-29 02:35:27','2019-03-29 14:35:08'),(438,'265438','车载438号','123456','123456783265438',1,0,4,'2019-03-29 14:35:08','2019-03-29 02:35:27','2019-03-29 14:35:08'),(439,'265439','车载439号','123456','123456783265439',1,0,4,'2019-03-29 14:35:08','2019-03-29 02:35:27','2019-03-29 14:35:08'),(440,'265440','车载440号','123456','123456783265440',1,0,4,'2019-03-29 14:35:08','2019-03-29 02:35:27','2019-03-29 14:35:08'),(441,'265441','车载441号','123456','123456783265441',1,0,4,'2019-03-29 14:35:08','2019-03-29 02:35:27','2019-03-29 14:35:08'),(442,'265442','车载442号','123456','123456783265442',1,0,4,'2019-03-29 14:35:08','2019-03-29 02:35:27','2019-03-29 14:35:08'),(443,'265443','车载443号','123456','123456783265443',1,0,4,'2019-03-29 14:35:08','2019-03-29 02:35:27','2019-03-29 14:35:08'),(444,'265444','车载444号','123456','123456783265444',1,0,4,'2019-03-29 14:35:08','2019-03-29 02:35:27','2019-03-29 14:35:08'),(445,'265445','车载445号','123456','123456783265445',1,0,4,'2019-03-29 14:35:09','2019-03-29 02:35:27','2019-03-29 14:35:09'),(446,'265446','车载446号','123456','123456783265446',1,0,4,'2019-03-29 14:35:09','2019-03-29 02:35:27','2019-03-29 14:35:09'),(447,'265447','车载447号','123456','123456783265447',1,0,4,'2019-03-29 14:35:09','2019-03-29 02:35:27','2019-03-29 14:35:09'),(448,'265448','车载448号','123456','123456783265448',1,0,4,'2019-03-29 14:35:09','2019-03-29 02:35:27','2019-03-29 14:35:09'),(449,'265449','车载449号','123456','123456783265449',1,0,4,'2019-03-29 14:35:09','2019-03-29 02:35:27','2019-03-29 14:35:09'),(450,'265450','车载450号','123456','123456783265450',1,0,4,'2019-03-29 14:35:09','2019-03-29 02:35:27','2019-03-29 14:35:09'),(451,'265451','车载451号','123456','123456783265451',1,0,4,'2019-03-29 14:35:09','2019-03-29 02:35:27','2019-03-29 14:35:09'),(452,'265452','车载452号','123456','123456783265452',1,0,4,'2019-03-29 14:35:09','2019-03-29 02:35:27','2019-03-29 14:35:09'),(453,'265453','车载453号','123456','123456783265453',1,0,4,'2019-03-29 14:35:09','2019-03-29 02:35:27','2019-03-29 14:35:09'),(454,'265454','车载454号','123456','123456783265454',1,0,4,'2019-03-29 14:35:09','2019-03-29 02:35:27','2019-03-29 14:35:09'),(455,'265455','车载455号','123456','123456783265455',1,0,4,'2019-03-29 14:35:09','2019-03-29 02:35:27','2019-03-29 14:35:09'),(456,'265456','车载456号','123456','123456783265456',1,0,4,'2019-03-29 14:35:09','2019-03-29 02:35:27','2019-03-29 14:35:09'),(457,'265457','车载457号','123456','123456783265457',1,0,4,'2019-03-29 14:35:09','2019-03-29 02:35:27','2019-03-29 14:35:09'),(458,'265458','车载458号','123456','123456783265458',1,0,4,'2019-03-29 14:35:09','2019-03-29 02:35:27','2019-03-29 14:35:09'),(459,'265459','车载459号','123456','123456783265459',1,0,4,'2019-03-29 14:35:09','2019-03-29 02:35:27','2019-03-29 14:35:09'),(460,'265460','车载460号','123456','123456783265460',1,0,4,'2019-03-29 14:35:09','2019-03-29 02:35:27','2019-03-29 14:35:09'),(461,'265461','车载461号','123456','123456783265461',1,0,4,'2019-03-29 14:35:09','2019-03-29 02:35:28','2019-03-29 14:35:09'),(462,'265462','车载462号','123456','123456783265462',1,0,4,'2019-03-29 14:35:09','2019-03-29 02:35:28','2019-03-29 14:35:09'),(463,'265463','车载463号','123456','123456783265463',1,0,4,'2019-03-29 14:35:09','2019-03-29 02:35:28','2019-03-29 14:35:09'),(464,'265464','车载464号','123456','123456783265464',1,0,4,'2019-03-29 14:35:09','2019-03-29 02:35:28','2019-03-29 14:35:09'),(465,'265465','车载465号','123456','123456783265465',1,0,4,'2019-03-29 14:35:09','2019-03-29 02:35:28','2019-03-29 14:35:09'),(466,'265466','车载466号','123456','123456783265466',1,0,4,'2019-03-29 14:35:09','2019-03-29 02:35:28','2019-03-29 14:35:09'),(467,'265467','车载467号','123456','123456783265467',1,0,4,'2019-03-29 14:35:09','2019-03-29 02:35:28','2019-03-29 14:35:09'),(468,'265468','车载468号','123456','123456783265468',1,0,4,'2019-03-29 14:35:09','2019-03-29 02:35:28','2019-03-29 14:35:09'),(469,'265469','车载469号','123456','123456783265469',1,0,4,'2019-03-29 14:35:09','2019-03-29 02:35:28','2019-03-29 14:35:09'),(470,'265470','车载470号','123456','123456783265470',1,0,4,'2019-03-29 14:35:09','2019-03-29 02:35:28','2019-03-29 14:35:09'),(471,'265471','车载471号','123456','123456783265471',1,0,4,'2019-03-29 14:35:10','2019-03-29 02:35:28','2019-03-29 14:35:10'),(472,'265472','车载472号','123456','123456783265472',1,0,4,'2019-03-29 14:35:10','2019-03-29 02:35:28','2019-03-29 14:35:10'),(473,'265473','车载473号','123456','123456783265473',1,0,4,'2019-03-29 14:35:10','2019-03-29 02:35:28','2019-03-29 14:35:10'),(474,'265474','车载474号','123456','123456783265474',1,0,4,'2019-03-29 14:35:10','2019-03-29 02:35:28','2019-03-29 14:35:10'),(475,'265475','车载475号','123456','123456783265475',1,0,4,'2019-03-29 14:35:10','2019-03-29 02:35:28','2019-03-29 14:35:10'),(476,'265476','车载476号','123456','123456783265476',1,0,4,'2019-03-29 14:35:10','2019-03-29 02:35:28','2019-03-29 14:35:10'),(477,'265477','车载477号','123456','123456783265477',1,0,4,'2019-03-29 14:35:10','2019-03-29 02:35:28','2019-03-29 14:35:10'),(478,'265478','车载478号','123456','123456783265478',1,0,4,'2019-03-29 14:35:10','2019-03-29 02:35:28','2019-03-29 14:35:10'),(479,'265479','车载479号','123456','123456783265479',1,0,4,'2019-03-29 14:35:10','2019-03-29 02:35:28','2019-03-29 14:35:10'),(480,'265480','车载480号','123456','123456783265480',1,0,4,'2019-03-29 14:35:10','2019-03-29 02:35:28','2019-03-29 14:35:10'),(481,'265481','车载481号','123456','123456783265481',1,0,4,'2019-03-29 14:35:10','2019-03-29 02:35:28','2019-03-29 14:35:10'),(482,'265482','车载482号','123456','123456783265482',1,0,4,'2019-03-29 14:35:10','2019-03-29 02:35:28','2019-03-29 14:35:10'),(483,'265483','车载483号','123456','123456783265483',1,0,4,'2019-03-29 14:35:10','2019-03-29 02:35:28','2019-03-29 14:35:10'),(484,'265484','车载484号','123456','123456783265484',1,0,4,'2019-03-29 14:35:10','2019-03-29 02:35:28','2019-03-29 14:35:10'),(485,'265485','车载485号','123456','123456783265485',1,0,4,'2019-03-29 14:35:10','2019-03-29 02:35:28','2019-03-29 14:35:10'),(486,'265486','车载486号','123456','123456783265486',1,0,4,'2019-03-29 14:35:10','2019-03-29 02:35:28','2019-03-29 14:35:10'),(487,'265487','车载487号','123456','123456783265487',1,0,4,'2019-03-29 14:35:10','2019-03-29 02:35:29','2019-03-29 14:35:10'),(488,'265488','车载488号','123456','123456783265488',1,0,4,'2019-03-29 14:35:10','2019-03-29 02:35:29','2019-03-29 14:35:10'),(489,'265489','车载489号','123456','123456783265489',1,0,4,'2019-03-29 14:35:10','2019-03-29 02:35:29','2019-03-29 14:35:10'),(490,'265490','车载490号','123456','123456783265490',1,0,4,'2019-03-29 14:35:10','2019-03-29 02:35:29','2019-03-29 14:35:10'),(491,'265491','车载491号','123456','123456783265491',1,0,4,'2019-03-29 14:35:10','2019-03-29 02:35:29','2019-03-29 14:35:10'),(492,'265492','车载492号','123456','123456783265492',1,0,4,'2019-03-29 14:35:10','2019-03-29 02:35:29','2019-03-29 14:35:10'),(493,'265493','车载493号','123456','123456783265493',1,0,4,'2019-03-29 14:35:10','2019-03-29 02:35:29','2019-03-29 14:35:10'),(494,'265494','车载494号','123456','123456783265494',1,0,4,'2019-03-29 14:35:10','2019-03-29 02:35:29','2019-03-29 14:35:10'),(495,'265495','车载495号','123456','123456783265495',1,0,4,'2019-03-29 14:35:10','2019-03-29 02:35:29','2019-03-29 14:35:10'),(496,'265496','车载496号','123456','123456783265496',1,0,4,'2019-03-29 14:35:10','2019-03-29 02:35:29','2019-03-29 14:35:10'),(497,'265497','车载497号','123456','123456783265497',1,0,4,'2019-03-29 14:35:10','2019-03-29 02:35:29','2019-03-29 14:35:10'),(498,'265498','车载498号','123456','123456783265498',1,0,4,'2019-03-29 14:35:11','2019-03-29 02:35:29','2019-03-29 14:35:11'),(499,'265499','车载499号','123456','123456783265499',1,0,4,'2019-03-29 14:35:11','2019-03-29 02:35:29','2019-03-29 14:35:11'),(500,'205500','巡逻500号','123456','123456783205500',1,0,6,'2019-03-29 14:36:06','2019-03-29 02:36:25','2019-03-29 14:36:06'),(501,'205501','巡逻501号','123456','123456783205501',1,0,6,'2019-03-29 14:36:06','2019-03-29 02:36:25','2019-03-29 14:36:06'),(502,'205502','巡逻502号','123456','123456783205502',1,0,6,'2019-03-29 14:36:06','2019-03-29 02:36:25','2019-03-29 14:36:06'),(503,'205503','巡逻503号','123456','123456783205503',1,0,6,'2019-03-29 14:36:06','2019-03-29 02:36:25','2019-03-29 14:36:06'),(504,'205504','巡逻504号','123456','123456783205504',1,0,6,'2019-03-29 14:36:06','2019-03-29 02:36:25','2019-03-29 14:36:06'),(505,'205505','巡逻505号','123456','123456783205505',1,0,6,'2019-03-29 14:36:06','2019-03-29 02:36:25','2019-03-29 14:36:06'),(506,'205506','巡逻506号','123456','123456783205506',1,0,6,'2019-03-29 14:36:06','2019-03-29 02:36:25','2019-03-29 14:36:06'),(507,'205507','巡逻507号','123456','123456783205507',1,0,6,'2019-03-29 14:36:06','2019-03-29 02:36:25','2019-03-29 14:36:06'),(508,'205508','巡逻508号','123456','123456783205508',1,0,6,'2019-03-29 14:36:06','2019-03-29 02:36:25','2019-03-29 14:36:06'),(509,'205509','巡逻509号','123456','123456783205509',1,0,6,'2019-03-29 14:36:07','2019-03-29 02:36:25','2019-03-29 14:36:07'),(510,'205510','巡逻510号','123456','123456783205510',1,0,6,'2019-03-29 14:36:07','2019-03-29 02:36:25','2019-03-29 14:36:07'),(511,'205511','巡逻511号','123456','123456783205511',1,0,6,'2019-03-29 14:36:07','2019-03-29 02:36:25','2019-03-29 14:36:07'),(512,'205512','巡逻512号','123456','123456783205512',1,0,6,'2019-03-29 14:36:07','2019-03-29 02:36:25','2019-03-29 14:36:07'),(513,'205513','巡逻513号','123456','123456783205513',1,0,6,'2019-03-29 14:36:07','2019-03-29 02:36:25','2019-03-29 14:36:07'),(514,'205514','巡逻514号','123456','123456783205514',1,0,6,'2019-03-29 14:36:07','2019-03-29 02:36:25','2019-03-29 14:36:07'),(515,'205515','巡逻515号','123456','123456783205515',1,0,6,'2019-03-29 14:36:07','2019-03-29 02:36:25','2019-03-29 14:36:07'),(516,'205516','巡逻516号','123456','123456783205516',1,0,6,'2019-03-29 14:36:07','2019-03-29 02:36:25','2019-03-29 14:36:07'),(517,'205517','巡逻517号','123456','123456783205517',1,0,6,'2019-03-29 14:36:07','2019-03-29 02:36:25','2019-03-29 14:36:07'),(518,'205518','巡逻518号','123456','123456783205518',1,0,6,'2019-03-29 14:36:07','2019-03-29 02:36:25','2019-03-29 14:36:07'),(519,'205519','巡逻519号','123456','123456783205519',1,0,6,'2019-03-29 14:36:07','2019-03-29 02:36:25','2019-03-29 14:36:07'),(520,'205520','巡逻520号','123456','123456783205520',1,0,6,'2019-03-29 14:36:07','2019-03-29 02:36:25','2019-03-29 14:36:07'),(521,'205521','巡逻521号','123456','123456783205521',1,0,6,'2019-03-29 14:36:07','2019-03-29 02:36:25','2019-03-29 14:36:07'),(522,'205522','巡逻522号','123456','123456783205522',1,0,6,'2019-03-29 14:36:07','2019-03-29 02:36:25','2019-03-29 14:36:07'),(523,'205523','巡逻523号','123456','123456783205523',1,0,6,'2019-03-29 14:36:07','2019-03-29 02:36:25','2019-03-29 14:36:07'),(524,'205524','巡逻524号','123456','123456783205524',1,0,6,'2019-03-29 14:36:07','2019-03-29 02:36:25','2019-03-29 14:36:07'),(525,'205525','巡逻525号','123456','123456783205525',1,0,6,'2019-03-29 14:36:07','2019-03-29 02:36:25','2019-03-29 14:36:07'),(526,'205526','巡逻526号','123456','123456783205526',1,0,6,'2019-03-29 14:36:07','2019-03-29 02:36:25','2019-03-29 14:36:07'),(527,'205527','巡逻527号','123456','123456783205527',1,0,6,'2019-03-29 14:36:07','2019-03-29 02:36:26','2019-03-29 14:36:07'),(528,'205528','巡逻528号','123456','123456783205528',1,0,6,'2019-03-29 14:36:07','2019-03-29 02:36:26','2019-03-29 14:36:07'),(529,'205529','巡逻529号','123456','123456783205529',1,0,6,'2019-03-29 14:36:07','2019-03-29 02:36:26','2019-03-29 14:36:07'),(530,'205530','巡逻530号','123456','123456783205530',1,0,6,'2019-03-29 14:36:07','2019-03-29 02:36:26','2019-03-29 14:36:07'),(531,'205531','巡逻531号','123456','123456783205531',1,0,6,'2019-03-29 14:36:07','2019-03-29 02:36:26','2019-03-29 14:36:07'),(532,'205532','巡逻532号','123456','123456783205532',1,0,6,'2019-03-29 14:36:07','2019-03-29 02:36:26','2019-03-29 14:36:07'),(533,'205533','巡逻533号','123456','123456783205533',1,0,6,'2019-03-29 14:36:07','2019-03-29 02:36:26','2019-03-29 14:36:07'),(534,'205534','巡逻534号','123456','123456783205534',1,0,6,'2019-03-29 14:36:07','2019-03-29 02:36:26','2019-03-29 14:36:07'),(535,'205535','巡逻535号','123456','123456783205535',1,0,6,'2019-03-29 14:36:07','2019-03-29 02:36:26','2019-03-29 14:36:07'),(536,'205536','巡逻536号','123456','123456783205536',1,0,6,'2019-03-29 14:36:07','2019-03-29 02:36:26','2019-03-29 14:36:07'),(537,'205537','巡逻537号','123456','123456783205537',1,0,6,'2019-03-29 14:36:07','2019-03-29 02:36:26','2019-03-29 14:36:07'),(538,'205538','巡逻538号','123456','123456783205538',1,0,6,'2019-03-29 14:36:08','2019-03-29 02:36:26','2019-03-29 14:36:08'),(539,'205539','巡逻539号','123456','123456783205539',1,0,6,'2019-03-29 14:36:08','2019-03-29 02:36:26','2019-03-29 14:36:08'),(540,'205540','巡逻540号','123456','123456783205540',1,0,6,'2019-03-29 14:36:08','2019-03-29 02:36:26','2019-03-29 14:36:08'),(541,'205541','巡逻541号','123456','123456783205541',1,0,6,'2019-03-29 14:36:08','2019-03-29 02:36:26','2019-03-29 14:36:08'),(542,'205542','巡逻542号','123456','123456783205542',1,0,6,'2019-03-29 14:36:08','2019-03-29 02:36:26','2019-03-29 14:36:08'),(543,'205543','巡逻543号','123456','123456783205543',1,0,6,'2019-03-29 14:36:08','2019-03-29 02:36:26','2019-03-29 14:36:08'),(544,'205544','巡逻544号','123456','123456783205544',1,0,6,'2019-03-29 14:36:08','2019-03-29 02:36:26','2019-03-29 14:36:08'),(545,'205545','巡逻545号','123456','123456783205545',1,0,6,'2019-03-29 14:36:08','2019-03-29 02:36:26','2019-03-29 14:36:08'),(546,'205546','巡逻546号','123456','123456783205546',1,0,6,'2019-03-29 14:36:08','2019-03-29 02:36:26','2019-03-29 14:36:08'),(547,'205547','巡逻547号','123456','123456783205547',1,0,6,'2019-03-29 14:36:08','2019-03-29 02:36:26','2019-03-29 14:36:08'),(548,'205548','巡逻548号','123456','123456783205548',1,0,6,'2019-03-29 14:36:08','2019-03-29 02:36:26','2019-03-29 14:36:08'),(549,'205549','巡逻549号','123456','123456783205549',1,0,6,'2019-03-29 14:36:08','2019-03-29 02:36:26','2019-03-29 14:36:08'),(550,'205550','巡逻550号','123456','123456783205550',1,0,6,'2019-03-29 14:36:08','2019-03-29 02:36:26','2019-03-29 14:36:08'),(551,'205551','巡逻551号','123456','123456783205551',1,0,6,'2019-03-29 14:36:08','2019-03-29 02:36:26','2019-03-29 14:36:08'),(552,'205552','巡逻552号','123456','123456783205552',1,0,6,'2019-03-29 14:36:08','2019-03-29 02:36:26','2019-03-29 14:36:08'),(553,'205553','巡逻553号','123456','123456783205553',1,0,6,'2019-03-29 14:36:08','2019-03-29 02:36:26','2019-03-29 14:36:08'),(554,'205554','巡逻554号','123456','123456783205554',1,0,6,'2019-03-29 14:36:08','2019-03-29 02:36:26','2019-03-29 14:36:08'),(555,'205555','巡逻555号','123456','123456783205555',1,0,6,'2019-03-29 14:36:08','2019-03-29 02:36:26','2019-03-29 14:36:08'),(556,'205556','巡逻556号','123456','123456783205556',1,0,6,'2019-03-29 14:36:08','2019-03-29 02:36:26','2019-03-29 14:36:08'),(557,'205557','巡逻557号','123456','123456783205557',1,0,6,'2019-03-29 14:36:08','2019-03-29 02:36:27','2019-03-29 14:36:08'),(558,'205558','巡逻558号','123456','123456783205558',1,0,6,'2019-03-29 14:36:08','2019-03-29 02:36:27','2019-03-29 14:36:08'),(559,'205559','巡逻559号','123456','123456783205559',1,0,6,'2019-03-29 14:36:08','2019-03-29 02:36:27','2019-03-29 14:36:08'),(560,'205560','巡逻560号','123456','123456783205560',1,0,6,'2019-03-29 14:36:08','2019-03-29 02:36:27','2019-03-29 14:36:08'),(561,'205561','巡逻561号','123456','123456783205561',1,0,6,'2019-03-29 14:36:08','2019-03-29 02:36:27','2019-03-29 14:36:08'),(562,'205562','巡逻562号','123456','123456783205562',1,0,6,'2019-03-29 14:36:08','2019-03-29 02:36:27','2019-03-29 14:36:08'),(563,'205563','巡逻563号','123456','123456783205563',1,0,6,'2019-03-29 14:36:08','2019-03-29 02:36:27','2019-03-29 14:36:08'),(564,'205564','巡逻564号','123456','123456783205564',1,0,6,'2019-03-29 14:36:08','2019-03-29 02:36:27','2019-03-29 14:36:08'),(565,'205565','巡逻565号','123456','123456783205565',1,0,6,'2019-03-29 14:36:08','2019-03-29 02:36:27','2019-03-29 14:36:08'),(566,'205566','巡逻566号','123456','123456783205566',1,0,6,'2019-03-29 14:36:08','2019-03-29 02:36:27','2019-03-29 14:36:08'),(567,'205567','巡逻567号','123456','123456783205567',1,0,6,'2019-03-29 14:36:08','2019-03-29 02:36:27','2019-03-29 14:36:08'),(568,'205568','巡逻568号','123456','123456783205568',1,0,6,'2019-03-29 14:36:09','2019-03-29 02:36:27','2019-03-29 14:36:09'),(569,'205569','巡逻569号','123456','123456783205569',1,0,6,'2019-03-29 14:36:09','2019-03-29 02:36:27','2019-03-29 14:36:09'),(570,'205570','巡逻570号','123456','123456783205570',1,0,6,'2019-03-29 14:36:09','2019-03-29 02:36:27','2019-03-29 14:36:09'),(571,'205571','巡逻571号','123456','123456783205571',1,0,6,'2019-03-29 14:36:09','2019-03-29 02:36:27','2019-03-29 14:36:09'),(572,'205572','巡逻572号','123456','123456783205572',1,0,6,'2019-03-29 14:36:09','2019-03-29 02:36:27','2019-03-29 14:36:09'),(573,'205573','巡逻573号','123456','123456783205573',1,0,6,'2019-03-29 14:36:09','2019-03-29 02:36:27','2019-03-29 14:36:09'),(574,'205574','巡逻574号','123456','123456783205574',1,0,6,'2019-03-29 14:36:09','2019-03-29 02:36:27','2019-03-29 14:36:09'),(575,'205575','巡逻575号','123456','123456783205575',1,0,6,'2019-03-29 14:36:09','2019-03-29 02:36:27','2019-03-29 14:36:09'),(576,'205576','巡逻576号','123456','123456783205576',1,0,6,'2019-03-29 14:36:09','2019-03-29 02:36:27','2019-03-29 14:36:09'),(577,'205577','巡逻577号','123456','123456783205577',1,0,6,'2019-03-29 14:36:09','2019-03-29 02:36:27','2019-03-29 14:36:09'),(578,'205578','巡逻578号','123456','123456783205578',1,0,6,'2019-03-29 14:36:09','2019-03-29 02:36:27','2019-03-29 14:36:09'),(579,'205579','巡逻579号','123456','123456783205579',1,0,6,'2019-03-29 14:36:09','2019-03-29 02:36:27','2019-03-29 14:36:09'),(580,'205580','巡逻580号','123456','123456783205580',1,0,6,'2019-03-29 14:36:09','2019-03-29 02:36:27','2019-03-29 14:36:09'),(581,'205581','巡逻581号','123456','123456783205581',1,0,6,'2019-03-29 14:36:09','2019-03-29 02:36:27','2019-03-29 14:36:09'),(582,'205582','巡逻582号','123456','123456783205582',1,0,6,'2019-03-29 14:36:09','2019-03-29 02:36:27','2019-03-29 14:36:09'),(583,'205583','巡逻583号','123456','123456783205583',1,0,6,'2019-03-29 14:36:09','2019-03-29 02:36:27','2019-03-29 14:36:09'),(584,'205584','巡逻584号','123456','123456783205584',1,0,6,'2019-03-29 14:36:09','2019-03-29 02:36:28','2019-03-29 14:36:09'),(585,'205585','巡逻585号','123456','123456783205585',1,0,6,'2019-03-29 14:36:09','2019-03-29 02:36:28','2019-03-29 14:36:09'),(586,'205586','巡逻586号','123456','123456783205586',1,0,6,'2019-03-29 14:36:09','2019-03-29 02:36:28','2019-03-29 14:36:09'),(587,'205587','巡逻587号','123456','123456783205587',1,0,6,'2019-03-29 14:36:09','2019-03-29 02:36:28','2019-03-29 14:36:09'),(588,'205588','巡逻588号','123456','123456783205588',1,0,6,'2019-03-29 14:36:09','2019-03-29 02:36:28','2019-03-29 14:36:09'),(589,'205589','巡逻589号','123456','123456783205589',1,0,6,'2019-03-29 14:36:09','2019-03-29 02:36:28','2019-03-29 14:36:09'),(590,'205590','巡逻590号','123456','123456783205590',1,0,6,'2019-03-29 14:36:09','2019-03-29 02:36:28','2019-03-29 14:36:09'),(591,'205591','巡逻591号','123456','123456783205591',1,0,6,'2019-03-29 14:36:09','2019-03-29 02:36:28','2019-03-29 14:36:09'),(592,'205592','巡逻592号','123456','123456783205592',1,0,6,'2019-03-29 14:36:09','2019-03-29 02:36:28','2019-03-29 14:36:09'),(593,'205593','巡逻593号','123456','123456783205593',1,0,6,'2019-03-29 14:36:09','2019-03-29 02:36:28','2019-03-29 14:36:09'),(594,'205594','巡逻594号','123456','123456783205594',1,0,6,'2019-03-29 14:36:09','2019-03-29 02:36:28','2019-03-29 14:36:09'),(595,'205595','巡逻595号','123456','123456783205595',1,0,6,'2019-03-29 14:36:10','2019-03-29 02:36:28','2019-03-29 14:36:10'),(596,'205596','巡逻596号','123456','123456783205596',1,0,6,'2019-03-29 14:36:10','2019-03-29 02:36:28','2019-03-29 14:36:10'),(597,'205597','巡逻597号','123456','123456783205597',1,0,6,'2019-03-29 14:36:10','2019-03-29 02:36:28','2019-03-29 14:36:10'),(598,'205598','巡逻598号','123456','123456783205598',1,0,6,'2019-03-29 14:36:10','2019-03-29 02:36:28','2019-03-29 14:36:10'),(599,'205599','巡逻599号','123456','123456783205599',1,0,6,'2019-03-29 14:36:10','2019-03-29 02:36:28','2019-03-29 14:36:10'),(600,'412600','经理600号','123456','123456785412600',1,0,1405,'2019-03-29 14:37:16','2019-04-03 23:31:19','2019-03-29 14:37:16'),(601,'412601','经理601号','123456','123456785412601',1,0,7,'2019-03-29 14:37:16','2019-03-29 02:37:35','2019-03-29 14:37:16'),(602,'412602','经理602号','123456','123456785412602',1,0,7,'2019-03-29 14:37:16','2019-03-29 02:37:35','2019-03-29 14:37:16'),(603,'412603','经理603号','123456','123456785412603',1,0,7,'2019-03-29 14:37:16','2019-03-29 02:37:35','2019-03-29 14:37:16'),(604,'412604','经理604号','123456','123456785412604',1,0,7,'2019-03-29 14:37:16','2019-03-29 02:37:35','2019-03-29 14:37:16'),(605,'412605','经理605号','123456','123456785412605',1,0,7,'2019-03-29 14:37:16','2019-03-29 02:37:35','2019-03-29 14:37:16'),(606,'412606','经理606号','123456','123456785412606',1,0,1430,'2019-03-29 14:37:16','2019-04-01 22:32:30','2019-03-29 14:37:16'),(607,'412607','经理607号','123456','123456785412607',1,0,1430,'2019-03-29 14:37:17','2019-04-01 22:32:30','2019-03-29 14:37:17'),(608,'412608','经理608号','123456','123456785412608',1,0,1430,'2019-03-29 14:37:17','2019-04-01 22:32:30','2019-03-29 14:37:17'),(609,'412609','经理609号','123456','123456785412609',1,0,1430,'2019-03-29 14:37:17','2019-04-01 22:32:30','2019-03-29 14:37:17'),(610,'412610','经理610号','123456','123456785412610',1,0,1430,'2019-03-29 14:37:17','2019-04-01 22:32:30','2019-03-29 14:37:17'),(611,'412611','经理611号','123456','123456785412611',1,0,1430,'2019-03-29 14:37:17','2019-04-01 22:32:30','2019-03-29 14:37:17'),(612,'412612','经理612号','123456','123456785412612',1,0,1430,'2019-03-29 14:37:17','2019-04-01 22:32:30','2019-03-29 14:37:17'),(613,'412613','经理613号','123456','123456785412613',1,0,1430,'2019-03-29 14:37:17','2019-04-01 22:32:30','2019-03-29 14:37:17'),(614,'412614','经理614号','123456','123456785412614',1,0,1430,'2019-03-29 14:37:17','2019-04-01 22:32:30','2019-03-29 14:37:17'),(615,'412615','经理615号','123456','123456785412615',1,0,1430,'2019-03-29 14:37:17','2019-04-01 22:32:30','2019-03-29 14:37:17'),(616,'412616','经理616号','123456','123456785412616',1,0,7,'2019-03-29 14:37:17','2019-03-29 02:37:35','2019-03-29 14:37:17'),(617,'412617','经理617号','123456','123456785412617',1,0,7,'2019-03-29 14:37:17','2019-03-29 02:37:35','2019-03-29 14:37:17'),(618,'412618','经理618号','123456','123456785412618',1,0,7,'2019-03-29 14:37:17','2019-03-29 02:37:35','2019-03-29 14:37:17'),(619,'412619','经理619号','123456','123456785412619',1,0,7,'2019-03-29 14:37:17','2019-03-29 02:37:35','2019-03-29 14:37:17'),(620,'412620','经理620号','123456','123456785412620',1,0,7,'2019-03-29 14:37:17','2019-03-29 02:37:35','2019-03-29 14:37:17'),(621,'412621','经理621号','123456','123456785412621',1,0,7,'2019-03-29 14:37:17','2019-03-29 02:37:35','2019-03-29 14:37:17'),(622,'412622','经理622号','123456','123456785412622',1,0,7,'2019-03-29 14:37:17','2019-03-29 02:37:35','2019-03-29 14:37:17'),(623,'412623','经理623号','123456','123456785412623',1,0,7,'2019-03-29 14:37:17','2019-03-29 02:37:35','2019-03-29 14:37:17'),(624,'412624','经理624号','123456','123456785412624',1,0,7,'2019-03-29 14:37:17','2019-03-29 02:37:35','2019-03-29 14:37:17'),(625,'412625','经理625号','123456','123456785412625',1,0,7,'2019-03-29 14:37:17','2019-03-29 02:37:35','2019-03-29 14:37:17'),(626,'412626','经理626号','123456','123456785412626',1,0,7,'2019-03-29 14:37:17','2019-03-29 02:37:35','2019-03-29 14:37:17'),(627,'412627','经理627号','123456','123456785412627',1,0,7,'2019-03-29 14:37:17','2019-03-29 02:37:35','2019-03-29 14:37:17'),(628,'412628','经理628号','123456','123456785412628',1,0,7,'2019-03-29 14:37:17','2019-03-29 02:37:36','2019-03-29 14:37:17'),(629,'412629','经理629号','123456','123456785412629',1,0,7,'2019-03-29 14:37:17','2019-03-29 02:37:36','2019-03-29 14:37:17'),(630,'412630','经理630号','123456','123456785412630',1,0,7,'2019-03-29 14:37:17','2019-03-29 02:37:36','2019-03-29 14:37:17'),(631,'412631','经理631号','123456','123456785412631',1,0,7,'2019-03-29 14:37:17','2019-03-29 02:37:36','2019-03-29 14:37:17'),(632,'412632','经理632号','123456','123456785412632',1,0,7,'2019-03-29 14:37:17','2019-03-29 02:37:36','2019-03-29 14:37:17'),(633,'412633','经理633号','123456','123456785412633',1,0,7,'2019-03-29 14:37:17','2019-03-29 02:37:36','2019-03-29 14:37:17'),(634,'412634','经理634号','123456','123456785412634',1,0,7,'2019-03-29 14:37:17','2019-03-29 02:37:36','2019-03-29 14:37:17'),(635,'412635','经理635号','123456','123456785412635',1,0,7,'2019-03-29 14:37:17','2019-03-29 02:37:36','2019-03-29 14:37:17'),(636,'412636','经理636号','123456','123456785412636',1,0,7,'2019-03-29 14:37:17','2019-03-29 02:37:36','2019-03-29 14:37:17'),(637,'412637','经理637号','123456','123456785412637',1,0,7,'2019-03-29 14:37:17','2019-03-29 02:37:36','2019-03-29 14:37:17'),(638,'412638','经理638号','123456','123456785412638',1,0,7,'2019-03-29 14:37:17','2019-03-29 02:37:36','2019-03-29 14:37:17'),(639,'412639','经理639号','123456','123456785412639',1,0,7,'2019-03-29 14:37:17','2019-03-29 02:37:36','2019-03-29 14:37:17'),(640,'412640','经理640号','123456','123456785412640',1,0,7,'2019-03-29 14:37:17','2019-03-29 02:37:36','2019-03-29 14:37:17'),(641,'412641','经理641号','123456','123456785412641',1,0,7,'2019-03-29 14:37:17','2019-03-29 02:37:36','2019-03-29 14:37:17'),(642,'412642','经理642号','123456','123456785412642',1,0,7,'2019-03-29 14:37:18','2019-03-29 02:37:36','2019-03-29 14:37:18'),(643,'412643','经理643号','123456','123456785412643',1,0,7,'2019-03-29 14:37:18','2019-03-29 02:37:36','2019-03-29 14:37:18'),(644,'412644','经理644号','123456','123456785412644',1,0,7,'2019-03-29 14:37:18','2019-03-29 02:37:36','2019-03-29 14:37:18'),(645,'412645','经理645号','123456','123456785412645',1,0,7,'2019-03-29 14:37:18','2019-03-29 02:37:36','2019-03-29 14:37:18'),(646,'412646','经理646号','123456','123456785412646',1,0,7,'2019-03-29 14:37:18','2019-03-29 02:37:36','2019-03-29 14:37:18'),(647,'412647','经理647号','123456','123456785412647',1,0,7,'2019-03-29 14:37:18','2019-03-29 02:37:36','2019-03-29 14:37:18'),(648,'412648','经理648号','123456','123456785412648',1,0,7,'2019-03-29 14:37:18','2019-03-29 02:37:36','2019-03-29 14:37:18'),(649,'412649','经理649号','123456','123456785412649',1,0,7,'2019-03-29 14:37:18','2019-03-29 02:37:36','2019-03-29 14:37:18'),(650,'412650','经理650号','123456','123456785412650',1,0,7,'2019-03-29 14:37:18','2019-03-29 02:37:36','2019-03-29 14:37:18'),(651,'412651','经理651号','123456','123456785412651',1,0,7,'2019-03-29 14:37:18','2019-03-29 02:37:36','2019-03-29 14:37:18'),(652,'412652','经理652号','123456','123456785412652',1,0,7,'2019-03-29 14:37:18','2019-03-29 02:37:36','2019-03-29 14:37:18'),(653,'412653','经理653号','123456','123456785412653',1,0,7,'2019-03-29 14:37:18','2019-03-29 02:37:36','2019-03-29 14:37:18'),(654,'412654','经理654号','123456','123456785412654',1,0,7,'2019-03-29 14:37:18','2019-03-29 02:37:36','2019-03-29 14:37:18'),(655,'412655','经理655号','123456','123456785412655',1,0,7,'2019-03-29 14:37:18','2019-03-29 02:37:36','2019-03-29 14:37:18'),(656,'412656','经理656号','123456','123456785412656',1,0,7,'2019-03-29 14:37:18','2019-03-29 02:37:36','2019-03-29 14:37:18'),(657,'412657','经理657号','123456','123456785412657',1,0,7,'2019-03-29 14:37:18','2019-03-29 02:37:36','2019-03-29 14:37:18'),(658,'412658','经理658号','123456','123456785412658',1,0,7,'2019-03-29 14:37:18','2019-03-29 02:37:36','2019-03-29 14:37:18'),(659,'412659','经理659号','123456','123456785412659',1,0,7,'2019-03-29 14:37:18','2019-03-29 02:37:36','2019-03-29 14:37:18'),(660,'412660','经理660号','123456','123456785412660',1,0,7,'2019-03-29 14:37:18','2019-03-29 02:37:36','2019-03-29 14:37:18'),(661,'412661','经理661号','123456','123456785412661',1,0,7,'2019-03-29 14:37:18','2019-03-29 02:37:36','2019-03-29 14:37:18'),(662,'412662','经理662号','123456','123456785412662',1,0,7,'2019-03-29 14:37:18','2019-03-29 02:37:36','2019-03-29 14:37:18'),(663,'412663','经理663号','123456','123456785412663',1,0,7,'2019-03-29 14:37:18','2019-03-29 02:37:37','2019-03-29 14:37:18'),(664,'412664','经理664号','123456','123456785412664',1,0,7,'2019-03-29 14:37:18','2019-03-29 02:37:37','2019-03-29 14:37:18'),(665,'412665','经理665号','123456','123456785412665',1,0,7,'2019-03-29 14:37:18','2019-03-29 02:37:37','2019-03-29 14:37:18'),(666,'412666','经理666号','123456','123456785412666',1,0,7,'2019-03-29 14:37:18','2019-03-29 02:37:37','2019-03-29 14:37:18'),(667,'412667','经理667号','123456','123456785412667',1,0,7,'2019-03-29 14:37:18','2019-03-29 02:37:37','2019-03-29 14:37:18'),(668,'412668','经理668号','123456','123456785412668',1,0,7,'2019-03-29 14:37:18','2019-03-29 02:37:37','2019-03-29 14:37:18'),(669,'412669','经理669号','123456','123456785412669',1,0,7,'2019-03-29 14:37:18','2019-03-29 02:37:37','2019-03-29 14:37:18'),(670,'412670','经理670号','123456','123456785412670',1,0,7,'2019-03-29 14:37:18','2019-03-29 02:37:37','2019-03-29 14:37:18'),(671,'412671','经理671号','123456','123456785412671',1,0,7,'2019-03-29 14:37:18','2019-03-29 02:37:37','2019-03-29 14:37:18'),(672,'412672','经理672号','123456','123456785412672',1,0,7,'2019-03-29 14:37:18','2019-03-29 02:37:37','2019-03-29 14:37:18'),(673,'412673','经理673号','123456','123456785412673',1,0,7,'2019-03-29 14:37:18','2019-03-29 02:37:37','2019-03-29 14:37:18'),(674,'412674','经理674号','123456','123456785412674',1,0,7,'2019-03-29 14:37:18','2019-03-29 02:37:37','2019-03-29 14:37:18'),(675,'412675','经理675号','123456','123456785412675',1,0,7,'2019-03-29 14:37:18','2019-03-29 02:37:37','2019-03-29 14:37:18'),(676,'412676','经理676号','123456','123456785412676',1,0,7,'2019-03-29 14:37:19','2019-03-29 02:37:37','2019-03-29 14:37:19'),(677,'412677','经理677号','123456','123456785412677',1,0,7,'2019-03-29 14:37:19','2019-03-29 02:37:37','2019-03-29 14:37:19'),(678,'412678','经理678号','123456','123456785412678',1,0,7,'2019-03-29 14:37:19','2019-03-29 02:37:37','2019-03-29 14:37:19'),(679,'412679','经理679号','123456','123456785412679',1,0,7,'2019-03-29 14:37:19','2019-03-29 02:37:37','2019-03-29 14:37:19'),(680,'412680','经理680号','123456','123456785412680',1,0,7,'2019-03-29 14:37:19','2019-03-29 02:37:37','2019-03-29 14:37:19'),(681,'412681','经理681号','123456','123456785412681',1,0,7,'2019-03-29 14:37:19','2019-03-29 02:37:37','2019-03-29 14:37:19'),(682,'412682','经理682号','123456','123456785412682',1,0,7,'2019-03-29 14:37:19','2019-03-29 02:37:37','2019-03-29 14:37:19'),(683,'412683','经理683号','123456','123456785412683',1,0,7,'2019-03-29 14:37:19','2019-03-29 02:37:37','2019-03-29 14:37:19'),(684,'412684','经理684号','123456','123456785412684',1,0,7,'2019-03-29 14:37:19','2019-03-29 02:37:37','2019-03-29 14:37:19'),(685,'412685','经理685号','123456','123456785412685',1,0,7,'2019-03-29 14:37:19','2019-03-29 02:37:37','2019-03-29 14:37:19'),(686,'412686','经理686号','123456','123456785412686',1,0,7,'2019-03-29 14:37:19','2019-03-29 02:37:37','2019-03-29 14:37:19'),(687,'412687','经理687号','123456','123456785412687',1,0,7,'2019-03-29 14:37:19','2019-03-29 02:37:37','2019-03-29 14:37:19'),(688,'412688','经理688号','123456','123456785412688',1,0,7,'2019-03-29 14:37:19','2019-03-29 02:37:37','2019-03-29 14:37:19'),(689,'412689','经理689号','123456','123456785412689',1,0,7,'2019-03-29 14:37:19','2019-03-29 02:37:37','2019-03-29 14:37:19'),(690,'412690','经理690号','123456','123456785412690',1,0,7,'2019-03-29 14:37:19','2019-03-29 02:37:37','2019-03-29 14:37:19'),(691,'412691','经理691号','123456','123456785412691',1,0,7,'2019-03-29 14:37:19','2019-03-29 02:37:37','2019-03-29 14:37:19'),(692,'412692','经理692号','123456','123456785412692',1,0,7,'2019-03-29 14:37:19','2019-03-29 02:37:37','2019-03-29 14:37:19'),(693,'412693','经理693号','123456','123456785412693',1,0,7,'2019-03-29 14:37:19','2019-03-29 02:37:37','2019-03-29 14:37:19'),(694,'412694','经理694号','123456','123456785412694',1,0,7,'2019-03-29 14:37:19','2019-03-29 02:37:37','2019-03-29 14:37:19'),(695,'412695','经理695号','123456','123456785412695',1,0,7,'2019-03-29 14:37:19','2019-03-29 02:37:37','2019-03-29 14:37:19'),(696,'412696','经理696号','123456','123456785412696',1,0,7,'2019-03-29 14:37:19','2019-03-29 02:37:37','2019-03-29 14:37:19'),(697,'412697','经理697号','123456','123456785412697',1,0,7,'2019-03-29 14:37:19','2019-03-29 02:37:38','2019-03-29 14:37:19'),(698,'412698','经理698号','123456','123456785412698',1,0,7,'2019-03-29 14:37:19','2019-03-29 02:37:38','2019-03-29 14:37:19'),(699,'412699','经理699号','123456','123456785412699',1,0,7,'2019-03-29 14:37:19','2019-03-29 02:37:38','2019-03-29 14:37:19'),(735,'121406','保安406号','123456','123456789121406',1,0,1418,'2019-03-29 12:00:01','2019-04-01 08:25:10','2019-03-29 12:00:01'),(737,'121407','保安407号','123456','123456789121407',1,0,1418,'2019-03-29 12:01:10','2019-04-01 08:25:10','2019-03-29 12:01:10'),(738,'121408','保安408号','123456','123456789121408',1,0,1418,'2019-03-29 12:01:10','2019-04-01 08:25:10','2019-03-29 12:01:10'),(739,'121409','保安409号','123456','123456789121409',1,0,1418,'2019-03-29 12:01:10','2019-04-01 08:25:10','2019-03-29 12:01:10'),(740,'121410','保安410号','123456','123456789121410',1,0,1418,'2019-03-29 12:01:10','2019-04-01 08:25:10','2019-03-29 12:01:10'),(741,'121411','保安411号','123456','123456789121411',1,0,1418,'2019-03-29 12:01:10','2019-04-01 08:25:10','2019-03-29 12:01:10'),(742,'121412','保安412号','123456','123456789121412',1,0,1418,'2019-03-29 12:01:10','2019-04-01 08:25:10','2019-03-29 12:01:10'),(743,'121413','保安413号','123456','123456789121413',1,0,1418,'2019-03-29 12:01:10','2019-04-01 08:25:10','2019-03-29 12:01:10'),(744,'121414','保安414号','123456','123456789121414',1,0,1418,'2019-03-29 12:01:10','2019-04-01 08:25:10','2019-03-29 12:01:10'),(745,'121415','保安415号','123456','123456789121415',1,0,1418,'2019-03-29 12:01:10','2019-04-01 08:25:10','2019-03-29 12:01:10'),(746,'121416','保安416号','123456','123456789121416',1,0,1421,'2019-03-29 12:01:10','2019-04-01 22:31:22','2019-03-29 12:01:10'),(747,'121417','保安417号','123456','123456789121417',1,0,1421,'2019-03-29 12:01:10','2019-04-01 22:31:22','2019-03-29 12:01:10'),(748,'121418','保安418号','123456','123456789121418',1,0,1421,'2019-03-29 12:01:10','2019-04-01 22:31:22','2019-03-29 12:01:10'),(749,'121419','保安419号','123456','123456789121419',1,0,1421,'2019-03-29 12:01:10','2019-04-01 22:31:22','2019-03-29 12:01:10'),(750,'121420','保安420号','123456','123456789121420',1,0,1421,'2019-03-29 12:01:10','2019-04-01 22:31:22','2019-03-29 12:01:10'),(751,'121421','保安421号','123456','123456789121421',1,0,1421,'2019-03-29 12:01:11','2019-04-01 22:31:22','2019-03-29 12:01:11'),(752,'121422','保安422号','123456','123456789121422',1,0,1421,'2019-03-29 12:01:11','2019-04-01 22:31:22','2019-03-29 12:01:11'),(753,'121423','保安423号','123456','123456789121423',1,0,1421,'2019-03-29 12:01:11','2019-04-01 22:31:22','2019-03-29 12:01:11'),(754,'121424','保安424号','123456','123456789121424',1,0,1421,'2019-03-29 12:01:11','2019-04-01 22:31:22','2019-03-29 12:01:11'),(755,'121425','保安425号','123456','123456789121425',1,0,1421,'2019-03-29 12:01:11','2019-04-01 22:31:22','2019-03-29 12:01:11'),(756,'121426','保安426号','123456','123456789121426',1,0,9,'2019-03-29 12:01:11','2019-03-29 00:34:14','2019-03-29 12:01:11'),(757,'121427','保安427号','123456','123456789121427',1,0,9,'2019-03-29 12:01:11','2019-03-29 00:34:14','2019-03-29 12:01:11'),(758,'121428','保安428号','123456','123456789121428',1,0,9,'2019-03-29 12:01:11','2019-03-29 00:34:14','2019-03-29 12:01:11'),(759,'121429','保安429号','123456','123456789121429',1,0,9,'2019-03-29 12:01:11','2019-03-29 00:34:14','2019-03-29 12:01:11'),(760,'121430','保安430号','123456','123456789121430',1,0,9,'2019-03-29 12:01:11','2019-03-29 00:34:14','2019-03-29 12:01:11'),(761,'121431','保安431号','123456','123456789121431',1,0,9,'2019-03-29 12:01:11','2019-03-29 00:34:14','2019-03-29 12:01:11'),(762,'121432','保安432号','123456','123456789121432',1,0,9,'2019-03-29 12:01:11','2019-03-29 00:34:14','2019-03-29 12:01:11'),(763,'121433','保安433号','123456','123456789121433',1,0,9,'2019-03-29 12:01:11','2019-03-29 00:34:14','2019-03-29 12:01:11'),(764,'121434','保安434号','123456','123456789121434',1,0,9,'2019-03-29 12:01:11','2019-03-29 00:34:14','2019-03-29 12:01:11'),(765,'121435','保安435号','123456','123456789121435',1,0,9,'2019-03-29 12:01:11','2019-03-29 00:34:14','2019-03-29 12:01:11'),(766,'121436','保安436号','123456','123456789121436',1,0,9,'2019-03-29 12:01:11','2019-03-29 00:34:14','2019-03-29 12:01:11'),(767,'121437','保安437号','123456','123456789121437',1,0,9,'2019-03-29 12:01:11','2019-03-29 00:34:14','2019-03-29 12:01:11'),(768,'121438','保安438号','123456','123456789121438',1,0,9,'2019-03-29 12:01:11','2019-03-29 00:34:14','2019-03-29 12:01:11'),(769,'121439','保安439号','123456','123456789121439',1,0,9,'2019-03-29 12:01:11','2019-03-29 00:34:14','2019-03-29 12:01:11'),(770,'121440','保安440号','123456','123456789121440',1,0,9,'2019-03-29 12:01:11','2019-03-29 00:34:14','2019-03-29 12:01:11'),(771,'121441','保安441号','123456','123456789121441',1,0,9,'2019-03-29 12:01:11','2019-03-29 00:34:14','2019-03-29 12:01:11'),(772,'121442','保安442号','123456','123456789121442',1,0,9,'2019-03-29 12:01:12','2019-03-29 00:34:14','2019-03-29 12:01:12'),(773,'121443','保安443号','123456','123456789121443',1,0,9,'2019-03-29 12:01:12','2019-03-29 00:34:14','2019-03-29 12:01:12'),(774,'121444','保安444号','123456','123456789121444',1,0,9,'2019-03-29 12:01:12','2019-03-29 00:34:14','2019-03-29 12:01:12'),(775,'121445','保安445号','123456','123456789121445',1,0,9,'2019-03-29 12:01:12','2019-03-29 00:34:14','2019-03-29 12:01:12'),(776,'121446','保安446号','123456','123456789121446',1,0,9,'2019-03-29 12:01:12','2019-03-29 00:34:14','2019-03-29 12:01:12'),(777,'121447','保安447号','123456','123456789121447',1,0,9,'2019-03-29 12:01:12','2019-03-29 00:34:14','2019-03-29 12:01:12'),(778,'121448','保安448号','123456','123456789121448',1,0,9,'2019-03-29 12:01:12','2019-03-29 00:34:14','2019-03-29 12:01:12'),(779,'121449','保安449号','123456','123456789121449',1,0,9,'2019-03-29 12:01:12','2019-03-29 00:34:14','2019-03-29 12:01:12'),(780,'121450','保安450号','123456','123456789121450',1,0,9,'2019-03-29 12:01:12','2019-03-29 00:34:14','2019-03-29 12:01:12'),(781,'121451','保安451号','123456','123456789121451',1,0,9,'2019-03-29 12:01:12','2019-03-29 00:34:14','2019-03-29 12:01:12'),(782,'121452','保安452号','123456','123456789121452',1,0,9,'2019-03-29 12:01:12','2019-03-29 00:34:14','2019-03-29 12:01:12'),(783,'121453','保安453号','123456','123456789121453',1,0,9,'2019-03-29 12:01:12','2019-03-29 00:34:14','2019-03-29 12:01:12'),(784,'121454','保安454号','123456','123456789121454',1,0,9,'2019-03-29 12:01:12','2019-03-29 00:34:14','2019-03-29 12:01:12'),(785,'121455','保安455号','123456','123456789121455',1,0,9,'2019-03-29 12:01:12','2019-03-29 00:34:14','2019-03-29 12:01:12'),(786,'121456','保安456号','123456','123456789121456',1,0,9,'2019-03-29 12:01:12','2019-03-29 00:34:14','2019-03-29 12:01:12'),(787,'121457','保安457号','123456','123456789121457',1,0,9,'2019-03-29 12:01:12','2019-03-29 00:34:14','2019-03-29 12:01:12'),(788,'121458','保安458号','123456','123456789121458',1,0,9,'2019-03-29 12:01:12','2019-03-29 00:34:14','2019-03-29 12:01:12'),(789,'121459','保安459号','123456','123456789121459',1,0,9,'2019-03-29 12:01:12','2019-03-29 00:34:14','2019-03-29 12:01:12'),(790,'121460','保安460号','123456','123456789121460',1,0,9,'2019-03-29 12:01:12','2019-03-29 00:34:14','2019-03-29 12:01:12'),(791,'121461','保安461号','123456','123456789121461',1,0,9,'2019-03-29 12:01:12','2019-03-29 00:34:14','2019-03-29 12:01:12'),(792,'121462','保安462号','123456','123456789121462',1,0,9,'2019-03-29 12:01:12','2019-03-29 00:34:14','2019-03-29 12:01:12'),(793,'121463','保安463号','123456','123456789121463',1,0,9,'2019-03-29 12:01:12','2019-03-29 00:34:14','2019-03-29 12:01:12'),(794,'121464','保安464号','123456','123456789121464',1,0,9,'2019-03-29 12:01:12','2019-03-29 00:34:14','2019-03-29 12:01:12'),(795,'121465','保安465号','123456','123456789121465',1,0,9,'2019-03-29 12:01:12','2019-03-29 00:34:14','2019-03-29 12:01:12'),(796,'121466','保安466号','123456','123456789121466',1,0,9,'2019-03-29 12:01:12','2019-03-29 00:34:14','2019-03-29 12:01:12'),(797,'121467','保安467号','123456','123456789121467',1,0,9,'2019-03-29 12:01:12','2019-03-29 00:34:14','2019-03-29 12:01:12'),(798,'121468','保安468号','123456','123456789121468',1,0,9,'2019-03-29 12:01:13','2019-03-29 00:34:14','2019-03-29 12:01:13'),(799,'121469','保安469号','123456','123456789121469',1,0,9,'2019-03-29 12:01:13','2019-03-29 00:34:14','2019-03-29 12:01:13'),(800,'121470','保安470号','123456','123456789121470',1,0,9,'2019-03-29 12:01:13','2019-03-29 00:34:14','2019-03-29 12:01:13'),(801,'121471','保安471号','123456','123456789121471',1,0,9,'2019-03-29 12:01:13','2019-03-29 00:34:14','2019-03-29 12:01:13'),(802,'121472','保安472号','123456','123456789121472',1,0,9,'2019-03-29 12:01:13','2019-03-29 00:34:14','2019-03-29 12:01:13'),(803,'121473','保安473号','123456','123456789121473',1,0,9,'2019-03-29 12:01:13','2019-03-29 00:34:14','2019-03-29 12:01:13'),(804,'121474','保安474号','123456','123456789121474',1,0,9,'2019-03-29 12:01:13','2019-03-29 00:34:14','2019-03-29 12:01:13'),(805,'121475','保安475号','123456','123456789121475',1,0,9,'2019-03-29 12:01:13','2019-03-29 00:34:14','2019-03-29 12:01:13'),(806,'121476','保安476号','123456','123456789121476',1,0,9,'2019-03-29 12:01:13','2019-03-29 00:34:14','2019-03-29 12:01:13'),(807,'121477','保安477号','123456','123456789121477',1,0,9,'2019-03-29 12:01:13','2019-03-29 00:34:14','2019-03-29 12:01:13'),(808,'121478','保安478号','123456','123456789121478',1,0,9,'2019-03-29 12:01:13','2019-03-29 00:34:14','2019-03-29 12:01:13'),(809,'121479','保安479号','123456','123456789121479',1,0,9,'2019-03-29 12:01:13','2019-03-29 00:34:14','2019-03-29 12:01:13'),(810,'121480','保安480号','123456','123456789121480',1,0,9,'2019-03-29 12:01:13','2019-03-29 00:34:14','2019-03-29 12:01:13'),(811,'121481','保安481号','123456','123456789121481',1,0,9,'2019-03-29 12:01:13','2019-03-29 00:34:14','2019-03-29 12:01:13'),(812,'121482','保安482号','123456','123456789121482',1,0,9,'2019-03-29 12:01:13','2019-03-29 00:34:14','2019-03-29 12:01:13'),(813,'121483','保安483号','123456','123456789121483',1,0,9,'2019-03-29 12:01:13','2019-03-29 00:34:14','2019-03-29 12:01:13'),(814,'121484','保安484号','123456','123456789121484',1,0,9,'2019-03-29 12:01:13','2019-03-29 00:34:14','2019-03-29 12:01:13'),(815,'121485','保安485号','123456','123456789121485',1,0,9,'2019-03-29 12:01:13','2019-03-29 00:34:14','2019-03-29 12:01:13'),(816,'121486','保安486号','123456','123456789121486',1,0,9,'2019-03-29 12:01:13','2019-03-29 00:34:14','2019-03-29 12:01:13'),(817,'121487','保安487号','123456','123456789121487',1,0,9,'2019-03-29 12:01:13','2019-03-29 00:34:14','2019-03-29 12:01:13'),(818,'121488','保安488号','123456','123456789121488',1,0,9,'2019-03-29 12:01:13','2019-03-29 00:34:14','2019-03-29 12:01:13'),(819,'121489','保安489号','123456','123456789121489',1,0,9,'2019-03-29 12:01:13','2019-03-29 00:34:14','2019-03-29 12:01:13'),(820,'121490','保安490号','123456','123456789121490',1,0,1407,'2019-03-29 12:01:13','2019-04-01 02:46:01','2019-03-29 12:01:13'),(821,'121491','保安491号','123456','123456789121491',1,0,10,'2019-03-29 12:01:13','2019-03-29 00:34:37','2019-03-29 12:01:13'),(822,'121492','保安492号','123456','123456789121492',1,0,10,'2019-03-29 12:01:13','2019-03-29 00:34:37','2019-03-29 12:01:13'),(823,'121493','保安493号','123456','123456789121493',1,0,10,'2019-03-29 12:01:13','2019-03-29 00:34:37','2019-03-29 12:01:13'),(824,'121494','保安494号','123456','123456789121494',1,0,10,'2019-03-29 12:01:14','2019-03-29 00:34:37','2019-03-29 12:01:14'),(825,'121495','保安495号','123456','123456789121495',1,0,10,'2019-03-29 12:01:14','2019-03-29 00:34:37','2019-03-29 12:01:14'),(826,'121496','保安496号','123456','123456789121496',1,0,10,'2019-03-29 12:01:14','2019-03-29 00:34:37','2019-03-29 12:01:14'),(827,'121497','保安497号','123456','123456789121497',1,0,10,'2019-03-29 12:01:14','2019-03-29 00:34:37','2019-03-29 12:01:14'),(828,'121498','保安498号','123456','123456789121498',1,0,10,'2019-03-29 12:01:14','2019-03-29 00:34:37','2019-03-29 12:01:14'),(829,'121499','保安499号','123456','123456789121499',1,0,10,'2019-03-29 12:01:14','2019-03-29 00:34:37','2019-03-29 12:01:14'),(830,'998501','保安501号','123456','123456789998501',1,0,10,'2019-03-29 12:02:33','2019-03-29 00:34:37','2019-03-29 12:02:33'),(831,'998502','保安502号','123456','123456789998502',1,0,10,'2019-03-29 12:02:34','2019-03-29 00:34:37','2019-03-29 12:02:34'),(832,'998503','保安503号','123456','123456789998503',1,0,10,'2019-03-29 12:02:34','2019-03-29 00:34:37','2019-03-29 12:02:34'),(833,'998504','保安504号','123456','123456789998504',1,0,10,'2019-03-29 12:02:34','2019-03-29 00:34:37','2019-03-29 12:02:34'),(834,'998505','保安505号','123456','123456789998505',1,0,10,'2019-03-29 12:02:34','2019-03-29 00:34:37','2019-03-29 12:02:34'),(835,'998506','保安506号','123456','123456789998506',1,0,10,'2019-03-29 12:02:34','2019-03-29 00:34:37','2019-03-29 12:02:34'),(836,'998507','保安507号','123456','123456789998507',1,0,10,'2019-03-29 12:02:34','2019-03-29 00:34:37','2019-03-29 12:02:34'),(837,'998508','保安508号','123456','123456789998508',1,0,10,'2019-03-29 12:02:34','2019-03-29 00:34:37','2019-03-29 12:02:34'),(838,'998509','保安509号','123456','123456789998509',1,0,10,'2019-03-29 12:02:34','2019-03-29 00:34:37','2019-03-29 12:02:34'),(839,'998510','保安510号','123456','123456789998510',1,0,10,'2019-03-29 12:02:34','2019-03-29 00:34:37','2019-03-29 12:02:34'),(840,'998511','保安511号','123456','123456789998511',1,0,10,'2019-03-29 12:02:34','2019-03-29 00:34:37','2019-03-29 12:02:34'),(841,'998512','保安512号','123456','123456789998512',1,0,10,'2019-03-29 12:02:34','2019-03-29 00:34:37','2019-03-29 12:02:34'),(842,'998513','保安513号','123456','123456789998513',1,0,10,'2019-03-29 12:02:34','2019-03-29 00:34:37','2019-03-29 12:02:34'),(843,'998514','保安514号','123456','123456789998514',1,0,10,'2019-03-29 12:02:34','2019-03-29 00:34:37','2019-03-29 12:02:34'),(844,'998515','保安515号','123456','123456789998515',1,0,10,'2019-03-29 12:02:34','2019-03-29 00:34:37','2019-03-29 12:02:34'),(845,'998516','保安516号','123456','123456789998516',1,0,10,'2019-03-29 12:02:34','2019-03-29 00:34:37','2019-03-29 12:02:34'),(846,'998517','保安517号','123456','123456789998517',1,0,10,'2019-03-29 12:02:34','2019-03-29 00:34:37','2019-03-29 12:02:34'),(847,'998518','保安518号','123456','123456789998518',1,0,10,'2019-03-29 12:02:34','2019-03-29 00:34:37','2019-03-29 12:02:34'),(848,'998519','保安519号','123456','123456789998519',1,0,10,'2019-03-29 12:02:34','2019-03-29 00:34:37','2019-03-29 12:02:34'),(849,'998520','保安520号','123456','123456789998520',1,0,10,'2019-03-29 12:02:34','2019-03-29 00:34:37','2019-03-29 12:02:34'),(850,'998521','保安521号','123456','123456789998521',1,0,10,'2019-03-29 12:02:34','2019-03-29 00:34:37','2019-03-29 12:02:34'),(851,'998522','保安522号','123456','123456789998522',1,0,10,'2019-03-29 12:02:34','2019-03-29 00:34:37','2019-03-29 12:02:34'),(852,'998523','保安523号','123456','123456789998523',1,0,10,'2019-03-29 12:02:34','2019-03-29 00:34:37','2019-03-29 12:02:34'),(853,'998524','保安524号','123456','123456789998524',1,0,10,'2019-03-29 12:02:34','2019-03-29 00:34:37','2019-03-29 12:02:34'),(854,'998525','保安525号','123456','123456789998525',1,0,10,'2019-03-29 12:02:34','2019-03-29 00:34:37','2019-03-29 12:02:34'),(855,'998526','保安526号','123456','123456789998526',1,0,10,'2019-03-29 12:02:34','2019-03-29 00:34:37','2019-03-29 12:02:34'),(856,'998527','保安527号','123456','123456789998527',1,0,10,'2019-03-29 12:02:34','2019-03-29 00:34:37','2019-03-29 12:02:34'),(857,'998528','保安528号','123456','123456789998528',1,0,10,'2019-03-29 12:02:34','2019-03-29 00:34:37','2019-03-29 12:02:34'),(858,'998529','保安529号','123456','123456789998529',1,0,10,'2019-03-29 12:02:34','2019-03-29 00:34:37','2019-03-29 12:02:34'),(859,'998530','保安530号','123456','123456789998530',1,0,10,'2019-03-29 12:02:34','2019-03-29 00:34:37','2019-03-29 12:02:34'),(860,'998531','保安531号','123456','123456789998531',1,0,10,'2019-03-29 12:02:34','2019-03-29 00:34:37','2019-03-29 12:02:34'),(861,'998532','保安532号','123456','123456789998532',1,0,10,'2019-03-29 12:02:34','2019-03-29 00:34:37','2019-03-29 12:02:34'),(862,'998533','保安533号','123456','123456789998533',1,0,10,'2019-03-29 12:02:35','2019-03-29 00:34:37','2019-03-29 12:02:35'),(863,'998534','保安534号','123456','123456789998534',1,0,10,'2019-03-29 12:02:35','2019-03-29 00:34:37','2019-03-29 12:02:35'),(864,'998535','保安535号','123456','123456789998535',1,0,10,'2019-03-29 12:02:35','2019-03-29 00:34:37','2019-03-29 12:02:35'),(865,'998536','保安536号','123456','123456789998536',1,0,10,'2019-03-29 12:02:35','2019-03-29 00:34:37','2019-03-29 12:02:35'),(866,'998537','保安537号','123456','123456789998537',1,0,10,'2019-03-29 12:02:35','2019-03-29 00:34:37','2019-03-29 12:02:35'),(867,'998538','保安538号','123456','123456789998538',1,0,10,'2019-03-29 12:02:35','2019-03-29 00:34:37','2019-03-29 12:02:35'),(868,'998539','保安539号','123456','123456789998539',1,0,10,'2019-03-29 12:02:35','2019-03-29 00:34:37','2019-03-29 12:02:35'),(869,'998540','保安540号','123456','123456789998540',1,0,10,'2019-03-29 12:02:35','2019-03-29 00:34:37','2019-03-29 12:02:35'),(870,'998541','保安541号','123456','123456789998541',1,0,10,'2019-03-29 12:02:35','2019-03-29 00:34:37','2019-03-29 12:02:35'),(871,'998542','保安542号','123456','123456789998542',1,0,10,'2019-03-29 12:02:35','2019-03-29 00:34:37','2019-03-29 12:02:35'),(872,'998543','保安543号','123456','123456789998543',1,0,10,'2019-03-29 12:02:35','2019-03-29 00:34:37','2019-03-29 12:02:35'),(873,'998544','保安544号','123456','123456789998544',1,0,10,'2019-03-29 12:02:35','2019-03-29 00:34:37','2019-03-29 12:02:35'),(874,'998545','保安545号','123456','123456789998545',1,0,10,'2019-03-29 12:02:35','2019-03-29 00:34:37','2019-03-29 12:02:35'),(875,'998546','保安546号','123456','123456789998546',1,0,10,'2019-03-29 12:02:35','2019-03-29 00:34:37','2019-03-29 12:02:35'),(876,'998547','保安547号','123456','123456789998547',1,0,10,'2019-03-29 12:02:35','2019-03-29 00:34:37','2019-03-29 12:02:35'),(877,'998548','保安548号','123456','123456789998548',1,0,10,'2019-03-29 12:02:35','2019-03-29 00:34:37','2019-03-29 12:02:35'),(878,'998549','保安549号','123456','123456789998549',1,0,10,'2019-03-29 12:02:35','2019-03-29 00:34:37','2019-03-29 12:02:35'),(879,'998550','保安550号','123456','123456789998550',1,0,10,'2019-03-29 12:02:35','2019-03-29 00:34:37','2019-03-29 12:02:35'),(880,'998551','保安551号','123456','123456789998551',1,0,10,'2019-03-29 12:02:35','2019-03-29 00:34:37','2019-03-29 12:02:35'),(881,'998552','保安552号','123456','123456789998552',1,0,10,'2019-03-29 12:02:35','2019-03-29 00:34:37','2019-03-29 12:02:35'),(882,'998553','保安553号','123456','123456789998553',1,0,10,'2019-03-29 12:02:35','2019-03-29 00:34:37','2019-03-29 12:02:35'),(883,'998554','保安554号','123456','123456789998554',1,0,10,'2019-03-29 12:02:35','2019-03-29 00:34:37','2019-03-29 12:02:35'),(884,'998555','保安555号','123456','123456789998555',1,0,10,'2019-03-29 12:02:35','2019-03-29 00:34:37','2019-03-29 12:02:35'),(885,'998556','保安556号','123456','123456789998556',1,0,10,'2019-03-29 12:02:35','2019-03-29 00:34:37','2019-03-29 12:02:35'),(886,'998557','保安557号','123456','123456789998557',1,0,10,'2019-03-29 12:02:35','2019-03-29 00:34:37','2019-03-29 12:02:35'),(887,'998558','保安558号','123456','123456789998558',1,0,10,'2019-03-29 12:02:35','2019-03-29 00:34:37','2019-03-29 12:02:35'),(888,'998559','保安559号','123456','123456789998559',1,0,10,'2019-03-29 12:02:35','2019-03-29 00:34:37','2019-03-29 12:02:35'),(889,'998560','保安560号','123456','123456789998560',1,0,10,'2019-03-29 12:02:35','2019-03-29 00:34:37','2019-03-29 12:02:35'),(890,'998561','保安561号','123456','123456789998561',1,0,10,'2019-03-29 12:02:35','2019-03-29 00:34:37','2019-03-29 12:02:35'),(891,'998562','保安562号','123456','123456789998562',1,0,10,'2019-03-29 12:02:35','2019-03-29 00:34:37','2019-03-29 12:02:35'),(892,'998563','保安563号','123456','123456789998563',1,0,10,'2019-03-29 12:02:35','2019-03-29 00:34:37','2019-03-29 12:02:35'),(893,'998564','保安564号','123456','123456789998564',1,0,10,'2019-03-29 12:02:35','2019-03-29 00:34:37','2019-03-29 12:02:35'),(894,'998565','保安565号','123456','123456789998565',1,0,10,'2019-03-29 12:02:35','2019-03-29 00:34:37','2019-03-29 12:02:35'),(895,'998566','保安566号','123456','123456789998566',1,0,10,'2019-03-29 12:02:35','2019-03-29 00:34:37','2019-03-29 12:02:35'),(896,'998567','保安567号','123456','123456789998567',1,0,10,'2019-03-29 12:02:36','2019-03-29 00:34:37','2019-03-29 12:02:36'),(897,'998568','保安568号','123456','123456789998568',1,0,10,'2019-03-29 12:02:36','2019-03-29 00:34:37','2019-03-29 12:02:36'),(898,'998569','保安569号','123456','123456789998569',1,0,10,'2019-03-29 12:02:36','2019-03-29 00:34:37','2019-03-29 12:02:36'),(899,'998570','保安570号','123456','123456789998570',1,0,10,'2019-03-29 12:02:36','2019-03-29 00:34:37','2019-03-29 12:02:36'),(900,'998571','保安571号','123456','123456789998571',1,0,10,'2019-03-29 12:02:36','2019-03-29 00:34:37','2019-03-29 12:02:36'),(901,'998572','保安572号','123456','123456789998572',1,0,10,'2019-03-29 12:02:36','2019-03-29 00:34:37','2019-03-29 12:02:36'),(902,'998573','保安573号','123456','123456789998573',1,0,10,'2019-03-29 12:02:36','2019-03-29 00:34:37','2019-03-29 12:02:36'),(903,'998574','保安574号','123456','123456789998574',1,0,10,'2019-03-29 12:02:36','2019-03-29 00:34:37','2019-03-29 12:02:36'),(904,'998575','保安575号','123456','123456789998575',1,0,10,'2019-03-29 12:02:36','2019-03-29 00:34:37','2019-03-29 12:02:36'),(905,'998576','保安576号','123456','123456789998576',1,0,10,'2019-03-29 12:02:36','2019-03-29 00:34:37','2019-03-29 12:02:36'),(906,'998577','保安577号','123456','123456789998577',1,0,10,'2019-03-29 12:02:36','2019-03-29 00:34:37','2019-03-29 12:02:36'),(907,'998578','保安578号','123456','123456789998578',1,0,10,'2019-03-29 12:02:36','2019-03-29 00:34:37','2019-03-29 12:02:36'),(908,'998579','保安579号','123456','123456789998579',1,0,10,'2019-03-29 12:02:36','2019-03-29 00:34:37','2019-03-29 12:02:36'),(909,'998580','保安580号','123456','123456789998580',1,0,10,'2019-03-29 12:02:36','2019-03-29 00:34:37','2019-03-29 12:02:36'),(910,'998581','保安581号','123456','123456789998581',1,0,10,'2019-03-29 12:02:36','2019-03-29 00:34:37','2019-03-29 12:02:36'),(911,'998582','保安582号','123456','123456789998582',1,0,10,'2019-03-29 12:02:36','2019-03-29 00:34:37','2019-03-29 12:02:36'),(912,'998583','保安583号','123456','123456789998583',1,0,10,'2019-03-29 12:02:36','2019-03-29 00:34:37','2019-03-29 12:02:36'),(913,'998584','保安584号','123456','123456789998584',1,0,10,'2019-03-29 12:02:36','2019-03-29 00:34:37','2019-03-29 12:02:36'),(914,'998585','保安585号','123456','123456789998585',1,0,10,'2019-03-29 12:02:36','2019-03-29 00:34:37','2019-03-29 12:02:36'),(915,'998586','保安586号','123456','123456789998586',1,0,10,'2019-03-29 12:02:36','2019-03-29 00:34:37','2019-03-29 12:02:36'),(916,'998587','保安587号','123456','123456789998587',1,0,10,'2019-03-29 12:02:36','2019-03-29 00:34:37','2019-03-29 12:02:36'),(917,'998588','保安588号','123456','123456789998588',1,0,10,'2019-03-29 12:02:36','2019-03-29 00:34:37','2019-03-29 12:02:36'),(918,'998589','保安589号','123456','123456789998589',1,0,10,'2019-03-29 12:02:36','2019-03-29 00:34:37','2019-03-29 12:02:36'),(919,'998590','保安590号','123456','123456789998590',1,0,10,'2019-03-29 12:02:36','2019-03-29 00:34:37','2019-03-29 12:02:36'),(920,'998591','保安591号','123456','123456789998591',1,0,2,'2019-03-29 12:02:36','2019-03-29 00:35:03','2019-03-29 12:02:36'),(921,'998592','保安592号','123456','123456789998592',1,0,2,'2019-03-29 12:02:36','2019-03-29 00:35:03','2019-03-29 12:02:36'),(922,'998593','保安593号','123456','123456789998593',1,0,2,'2019-03-29 12:02:36','2019-03-29 00:35:03','2019-03-29 12:02:36'),(923,'998594','保安594号','123456','123456789998594',1,0,2,'2019-03-29 12:02:36','2019-03-29 00:35:03','2019-03-29 12:02:36'),(924,'998595','保安595号','123456','123456789998595',1,0,2,'2019-03-29 12:02:36','2019-03-29 00:35:03','2019-03-29 12:02:36'),(925,'998596','保安596号','123456','123456789998596',1,0,2,'2019-03-29 12:02:36','2019-03-29 00:35:03','2019-03-29 12:02:36'),(926,'998597','保安597号','123456','123456789998597',1,0,2,'2019-03-29 12:02:36','2019-03-29 00:35:03','2019-03-29 12:02:36'),(927,'998598','保安598号','123456','123456789998598',1,0,2,'2019-03-29 12:02:36','2019-03-29 00:35:03','2019-03-29 12:02:36'),(928,'998599','保安599号','123456','123456789998599',1,0,2,'2019-03-29 12:02:36','2019-03-29 00:35:03','2019-03-29 12:02:36'),(929,'994601','保安601号','123456','123456789994601',1,0,2,'2019-03-29 12:02:56','2019-03-29 00:35:03','2019-03-29 12:02:56'),(930,'994602','保安602号','123456','123456789994602',1,0,2,'2019-03-29 12:02:56','2019-03-29 00:35:03','2019-03-29 12:02:56'),(931,'994603','保安603号','123456','123456789994603',1,0,2,'2019-03-29 12:02:56','2019-03-29 00:35:03','2019-03-29 12:02:56'),(932,'994604','保安604号','123456','123456789994604',1,0,2,'2019-03-29 12:02:56','2019-03-29 00:35:03','2019-03-29 12:02:56'),(933,'994605','保安605号','123456','123456789994605',1,0,2,'2019-03-29 12:02:56','2019-03-29 00:35:03','2019-03-29 12:02:56'),(934,'994606','保安606号','123456','123456789994606',1,0,2,'2019-03-29 12:02:56','2019-03-29 00:35:03','2019-03-29 12:02:56'),(935,'994607','保安607号','123456','123456789994607',1,0,2,'2019-03-29 12:02:56','2019-03-29 00:35:03','2019-03-29 12:02:56'),(936,'994608','保安608号','123456','123456789994608',1,0,2,'2019-03-29 12:02:57','2019-03-29 00:35:03','2019-03-29 12:02:57'),(937,'994609','保安609号','123456','123456789994609',1,0,2,'2019-03-29 12:02:57','2019-03-29 00:35:03','2019-03-29 12:02:57'),(938,'994610','保安610号','123456','123456789994610',1,0,2,'2019-03-29 12:02:57','2019-03-29 00:35:03','2019-03-29 12:02:57'),(939,'994611','保安611号','123456','123456789994611',1,0,2,'2019-03-29 12:02:57','2019-03-29 00:35:03','2019-03-29 12:02:57'),(940,'994612','保安612号','123456','123456789994612',1,0,2,'2019-03-29 12:02:57','2019-03-29 00:35:03','2019-03-29 12:02:57'),(941,'994613','保安613号','123456','123456789994613',1,0,2,'2019-03-29 12:02:57','2019-03-29 00:35:03','2019-03-29 12:02:57'),(942,'994614','保安614号','123456','123456789994614',1,0,2,'2019-03-29 12:02:57','2019-03-29 00:35:03','2019-03-29 12:02:57'),(943,'994615','保安615号','123456','123456789994615',1,0,2,'2019-03-29 12:02:57','2019-03-29 00:35:03','2019-03-29 12:02:57'),(944,'994616','保安616号','123456','123456789994616',1,0,2,'2019-03-29 12:02:57','2019-03-29 00:35:03','2019-03-29 12:02:57'),(945,'994617','保安617号','123456','123456789994617',1,0,2,'2019-03-29 12:02:57','2019-03-29 00:35:03','2019-03-29 12:02:57'),(946,'994618','保安618号','123456','123456789994618',1,0,2,'2019-03-29 12:02:57','2019-03-29 00:35:03','2019-03-29 12:02:57'),(947,'994619','保安619号','123456','123456789994619',1,0,2,'2019-03-29 12:02:57','2019-03-29 00:35:03','2019-03-29 12:02:57'),(948,'994620','保安620号','123456','123456789994620',1,0,2,'2019-03-29 12:02:57','2019-03-29 00:35:03','2019-03-29 12:02:57'),(949,'994621','保安621号','123456','123456789994621',1,0,2,'2019-03-29 12:02:57','2019-03-29 00:35:03','2019-03-29 12:02:57'),(950,'994622','保安622号','123456','123456789994622',1,0,2,'2019-03-29 12:02:57','2019-03-29 00:35:03','2019-03-29 12:02:57'),(951,'994623','保安623号','123456','123456789994623',1,0,2,'2019-03-29 12:02:57','2019-03-29 00:35:03','2019-03-29 12:02:57'),(952,'994624','保安624号','123456','123456789994624',1,0,2,'2019-03-29 12:02:57','2019-03-29 00:35:03','2019-03-29 12:02:57'),(953,'994625','保安625号','123456','123456789994625',1,0,2,'2019-03-29 12:02:57','2019-03-29 00:35:03','2019-03-29 12:02:57'),(954,'994626','保安626号','123456','123456789994626',1,0,2,'2019-03-29 12:02:57','2019-03-29 00:35:03','2019-03-29 12:02:57'),(955,'994627','保安627号','123456','123456789994627',1,0,2,'2019-03-29 12:02:57','2019-03-29 00:35:03','2019-03-29 12:02:57'),(956,'994628','保安628号','123456','123456789994628',1,0,2,'2019-03-29 12:02:57','2019-03-29 00:35:03','2019-03-29 12:02:57'),(957,'994629','保安629号','123456','123456789994629',1,0,2,'2019-03-29 12:02:57','2019-03-29 00:35:03','2019-03-29 12:02:57'),(958,'994630','保安630号','123456','123456789994630',1,0,2,'2019-03-29 12:02:57','2019-03-29 00:35:03','2019-03-29 12:02:57'),(959,'994631','保安631号','123456','123456789994631',1,0,2,'2019-03-29 12:02:57','2019-03-29 00:35:03','2019-03-29 12:02:57'),(960,'994632','保安632号','123456','123456789994632',1,0,2,'2019-03-29 12:02:57','2019-03-29 00:35:03','2019-03-29 12:02:57'),(961,'994633','保安633号','123456','123456789994633',1,0,2,'2019-03-29 12:02:57','2019-03-29 00:35:03','2019-03-29 12:02:57'),(962,'994634','保安634号','123456','123456789994634',1,0,2,'2019-03-29 12:02:57','2019-03-29 00:35:03','2019-03-29 12:02:57'),(963,'994635','保安635号','123456','123456789994635',1,0,2,'2019-03-29 12:02:57','2019-03-29 00:35:03','2019-03-29 12:02:57'),(964,'994636','保安636号','123456','123456789994636',1,0,2,'2019-03-29 12:02:57','2019-03-29 00:35:03','2019-03-29 12:02:57'),(965,'994637','保安637号','123456','123456789994637',1,0,2,'2019-03-29 12:02:57','2019-03-29 00:35:03','2019-03-29 12:02:57'),(966,'994638','保安638号','123456','123456789994638',1,0,2,'2019-03-29 12:02:57','2019-03-29 00:35:03','2019-03-29 12:02:57'),(967,'994639','保安639号','123456','123456789994639',1,0,2,'2019-03-29 12:02:57','2019-03-29 00:35:03','2019-03-29 12:02:57'),(968,'994640','保安640号','123456','123456789994640',1,0,2,'2019-03-29 12:02:57','2019-03-29 00:35:03','2019-03-29 12:02:57'),(969,'994641','保安641号','123456','123456789994641',1,0,2,'2019-03-29 12:02:57','2019-03-29 00:35:03','2019-03-29 12:02:57'),(970,'994642','保安642号','123456','123456789994642',1,0,2,'2019-03-29 12:02:58','2019-03-29 00:35:03','2019-03-29 12:02:58'),(971,'994643','保安643号','123456','123456789994643',1,0,2,'2019-03-29 12:02:58','2019-03-29 00:35:03','2019-03-29 12:02:58'),(972,'994644','保安644号','123456','123456789994644',1,0,2,'2019-03-29 12:02:58','2019-03-29 00:35:03','2019-03-29 12:02:58'),(973,'994645','保安645号','123456','123456789994645',1,0,2,'2019-03-29 12:02:58','2019-03-29 00:35:03','2019-03-29 12:02:58'),(974,'994646','保安646号','123456','123456789994646',1,0,2,'2019-03-29 12:02:58','2019-03-29 00:35:03','2019-03-29 12:02:58'),(975,'994647','保安647号','123456','123456789994647',1,0,2,'2019-03-29 12:02:58','2019-03-29 00:35:03','2019-03-29 12:02:58'),(976,'994648','保安648号','123456','123456789994648',1,0,2,'2019-03-29 12:02:58','2019-03-29 00:35:03','2019-03-29 12:02:58'),(977,'994649','保安649号','123456','123456789994649',1,0,2,'2019-03-29 12:02:58','2019-03-29 00:35:03','2019-03-29 12:02:58'),(978,'994650','保安650号','123456','123456789994650',1,0,2,'2019-03-29 12:02:58','2019-03-29 00:35:03','2019-03-29 12:02:58'),(979,'994651','保安651号','123456','123456789994651',1,0,2,'2019-03-29 12:02:58','2019-03-29 00:35:03','2019-03-29 12:02:58'),(980,'994652','保安652号','123456','123456789994652',1,0,2,'2019-03-29 12:02:58','2019-03-29 00:35:03','2019-03-29 12:02:58'),(981,'994653','保安653号','123456','123456789994653',1,0,2,'2019-03-29 12:02:58','2019-03-29 00:35:03','2019-03-29 12:02:58'),(982,'994654','保安654号','123456','123456789994654',1,0,2,'2019-03-29 12:02:58','2019-03-29 00:35:03','2019-03-29 12:02:58'),(983,'994655','保安655号','123456','123456789994655',1,0,2,'2019-03-29 12:02:58','2019-03-29 00:35:03','2019-03-29 12:02:58'),(984,'994656','保安656号','123456','123456789994656',1,0,2,'2019-03-29 12:02:58','2019-03-29 00:35:03','2019-03-29 12:02:58'),(985,'994657','保安657号','123456','123456789994657',1,0,2,'2019-03-29 12:02:58','2019-03-29 00:35:03','2019-03-29 12:02:58'),(986,'994658','保安658号','123456','123456789994658',1,0,2,'2019-03-29 12:02:58','2019-03-29 00:35:03','2019-03-29 12:02:58'),(987,'994659','保安659号','123456','123456789994659',1,0,2,'2019-03-29 12:02:58','2019-03-29 00:35:03','2019-03-29 12:02:58'),(988,'994660','保安660号','123456','123456789994660',1,0,2,'2019-03-29 12:02:58','2019-03-29 00:35:03','2019-03-29 12:02:58'),(989,'994661','保安661号','123456','123456789994661',1,0,2,'2019-03-29 12:02:58','2019-03-29 00:35:03','2019-03-29 12:02:58'),(990,'994662','保安662号','123456','123456789994662',1,0,2,'2019-03-29 12:02:58','2019-03-29 00:35:03','2019-03-29 12:02:58'),(991,'994663','保安663号','123456','123456789994663',1,0,2,'2019-03-29 12:02:58','2019-03-29 00:35:03','2019-03-29 12:02:58'),(992,'994664','保安664号','123456','123456789994664',1,0,2,'2019-03-29 12:02:58','2019-03-29 00:35:03','2019-03-29 12:02:58'),(993,'994665','保安665号','123456','123456789994665',1,0,2,'2019-03-29 12:02:58','2019-03-29 00:35:03','2019-03-29 12:02:58'),(994,'994666','保安666号','123456','123456789994666',1,0,2,'2019-03-29 12:02:58','2019-03-29 00:35:03','2019-03-29 12:02:58'),(995,'994667','保安667号','123456','123456789994667',1,0,2,'2019-03-29 12:02:58','2019-03-29 00:35:03','2019-03-29 12:02:58'),(996,'994668','保安668号','123456','123456789994668',1,0,2,'2019-03-29 12:02:58','2019-03-29 00:35:03','2019-03-29 12:02:58'),(997,'994669','保安669号','123456','123456789994669',1,0,2,'2019-03-29 12:02:58','2019-03-29 00:35:03','2019-03-29 12:02:58'),(998,'994670','保安670号','123456','123456789994670',1,0,2,'2019-03-29 12:02:58','2019-03-29 00:35:03','2019-03-29 12:02:58'),(999,'994671','保安671号','123456','123456789994671',1,0,2,'2019-03-29 12:02:58','2019-03-29 00:35:03','2019-03-29 12:02:58'),(1000,'994672','保安672号','123456','123456789994672',1,0,2,'2019-03-29 12:02:58','2019-03-29 00:35:03','2019-03-29 12:02:58'),(1001,'994673','保安673号','123456','123456789994673',1,0,2,'2019-03-29 12:02:59','2019-03-29 00:35:03','2019-03-29 12:02:59'),(1002,'994674','保安674号','123456','123456789994674',1,0,2,'2019-03-29 12:02:59','2019-03-29 00:35:03','2019-03-29 12:02:59'),(1003,'994675','保安675号','123456','123456789994675',1,0,2,'2019-03-29 12:02:59','2019-03-29 00:35:03','2019-03-29 12:02:59'),(1004,'994676','保安676号','123456','123456789994676',1,0,2,'2019-03-29 12:02:59','2019-03-29 00:35:03','2019-03-29 12:02:59'),(1005,'994677','保安677号','123456','123456789994677',1,0,2,'2019-03-29 12:02:59','2019-03-29 00:35:03','2019-03-29 12:02:59'),(1006,'994678','保安678号','123456','123456789994678',1,0,2,'2019-03-29 12:02:59','2019-03-29 00:35:03','2019-03-29 12:02:59'),(1007,'994679','保安679号','123456','123456789994679',1,0,2,'2019-03-29 12:02:59','2019-03-29 00:35:03','2019-03-29 12:02:59'),(1008,'994680','保安680号','123456','123456789994680',1,0,2,'2019-03-29 12:02:59','2019-03-29 00:35:03','2019-03-29 12:02:59'),(1009,'994681','保安681号','123456','123456789994681',1,0,2,'2019-03-29 12:02:59','2019-03-29 00:35:03','2019-03-29 12:02:59'),(1010,'994682','保安682号','123456','123456789994682',1,0,2,'2019-03-29 12:02:59','2019-03-29 00:35:03','2019-03-29 12:02:59'),(1011,'994683','保安683号','123456','123456789994683',1,0,2,'2019-03-29 12:02:59','2019-03-29 00:35:03','2019-03-29 12:02:59'),(1012,'994684','保安684号','123456','123456789994684',1,0,2,'2019-03-29 12:02:59','2019-03-29 00:35:03','2019-03-29 12:02:59'),(1013,'994685','保安685号','123456','123456789994685',1,0,2,'2019-03-29 12:02:59','2019-03-29 00:35:03','2019-03-29 12:02:59'),(1014,'994686','保安686号','123456','123456789994686',1,0,2,'2019-03-29 12:02:59','2019-03-29 00:35:03','2019-03-29 12:02:59'),(1015,'994687','保安687号','123456','123456789994687',1,0,2,'2019-03-29 12:02:59','2019-03-29 00:35:03','2019-03-29 12:02:59'),(1016,'994688','保安688号','123456','123456789994688',1,0,2,'2019-03-29 12:02:59','2019-03-29 00:35:03','2019-03-29 12:02:59'),(1017,'994689','保安689号','123456','123456789994689',1,0,2,'2019-03-29 12:02:59','2019-03-29 00:35:03','2019-03-29 12:02:59'),(1018,'994690','保安690号','123456','123456789994690',1,0,2,'2019-03-29 12:02:59','2019-03-29 00:35:03','2019-03-29 12:02:59'),(1019,'994691','保安691号','123456','123456789994691',1,0,2,'2019-03-29 12:03:00','2019-03-29 00:35:03','2019-03-29 12:03:00'),(1020,'994692','保安692号','123456','123456789994692',1,0,10,'2019-03-29 12:03:00','2019-03-29 00:34:37','2019-03-29 12:03:00'),(1021,'994693','保安693号','123456','123456789994693',1,0,10,'2019-03-29 12:03:00','2019-03-29 00:34:37','2019-03-29 12:03:00'),(1022,'994694','保安694号','123456','123456789994694',1,0,10,'2019-03-29 12:03:00','2019-03-29 00:34:37','2019-03-29 12:03:00'),(1023,'994695','保安695号','123456','123456789994695',1,0,10,'2019-03-29 12:03:00','2019-03-29 00:34:37','2019-03-29 12:03:00'),(1024,'994696','保安696号','123456','123456789994696',1,0,10,'2019-03-29 12:03:00','2019-03-29 00:34:37','2019-03-29 12:03:00'),(1025,'994697','保安697号','123456','123456789994697',1,0,10,'2019-03-29 12:03:00','2019-03-29 00:34:37','2019-03-29 12:03:00'),(1026,'994698','保安698号','123456','123456789994698',1,0,10,'2019-03-29 12:03:00','2019-03-29 00:34:37','2019-03-29 12:03:00'),(1027,'994699','保安699号','123456','123456789994699',1,0,10,'2019-03-29 12:03:00','2019-03-29 00:34:37','2019-03-29 12:03:00'),(1127,'994300','巡逻300号','123456','123456783994300',1,0,3,'2019-03-29 14:31:36','2019-03-29 02:31:54','2019-03-29 14:31:36'),(1128,'994301','巡逻301号','123456','123456783994301',1,0,3,'2019-03-29 14:31:36','2019-03-29 02:31:54','2019-03-29 14:31:36'),(1129,'994302','巡逻302号','123456','123456783994302',1,0,3,'2019-03-29 14:31:36','2019-03-29 02:31:54','2019-03-29 14:31:36'),(1130,'994303','巡逻303号','123456','123456783994303',1,0,3,'2019-03-29 14:31:36','2019-03-29 02:31:54','2019-03-29 14:31:36'),(1131,'994304','巡逻304号','123456','123456783994304',1,0,3,'2019-03-29 14:31:36','2019-03-29 02:31:55','2019-03-29 14:31:36'),(1132,'994305','巡逻305号','123456','123456783994305',1,0,3,'2019-03-29 14:31:36','2019-03-29 02:31:55','2019-03-29 14:31:36'),(1133,'994306','巡逻306号','123456','123456783994306',1,0,3,'2019-03-29 14:31:36','2019-03-29 02:31:55','2019-03-29 14:31:36'),(1134,'994307','巡逻307号','123456','123456783994307',1,0,3,'2019-03-29 14:31:36','2019-03-29 02:31:55','2019-03-29 14:31:36'),(1135,'994308','巡逻308号','123456','123456783994308',1,0,3,'2019-03-29 14:31:36','2019-03-29 02:31:55','2019-03-29 14:31:36'),(1136,'994309','巡逻309号','123456','123456783994309',1,0,3,'2019-03-29 14:31:36','2019-03-29 02:31:55','2019-03-29 14:31:36'),(1137,'994310','巡逻310号','123456','123456783994310',1,0,3,'2019-03-29 14:31:36','2019-03-29 02:31:55','2019-03-29 14:31:36'),(1138,'994311','巡逻311号','123456','123456783994311',1,0,3,'2019-03-29 14:31:36','2019-03-29 02:31:55','2019-03-29 14:31:36'),(1139,'994312','巡逻312号','123456','123456783994312',1,0,3,'2019-03-29 14:31:36','2019-03-29 02:31:55','2019-03-29 14:31:36'),(1140,'994313','巡逻313号','123456','123456783994313',1,0,3,'2019-03-29 14:31:36','2019-03-29 02:31:55','2019-03-29 14:31:36'),(1141,'994314','巡逻314号','123456','123456783994314',1,0,3,'2019-03-29 14:31:37','2019-03-29 02:31:55','2019-03-29 14:31:37'),(1142,'994315','巡逻315号','123456','123456783994315',1,0,3,'2019-03-29 14:31:37','2019-03-29 02:31:55','2019-03-29 14:31:37'),(1143,'994316','巡逻316号','123456','123456783994316',1,0,3,'2019-03-29 14:31:37','2019-03-29 02:31:55','2019-03-29 14:31:37'),(1144,'994317','巡逻317号','123456','123456783994317',1,0,3,'2019-03-29 14:31:37','2019-03-29 02:31:55','2019-03-29 14:31:37'),(1145,'994318','巡逻318号','123456','123456783994318',1,0,3,'2019-03-29 14:31:37','2019-03-29 02:31:55','2019-03-29 14:31:37'),(1146,'994319','巡逻319号','123456','123456783994319',1,0,3,'2019-03-29 14:31:37','2019-03-29 02:31:55','2019-03-29 14:31:37'),(1147,'994320','巡逻320号','123456','123456783994320',1,0,3,'2019-03-29 14:31:37','2019-03-29 02:31:55','2019-03-29 14:31:37'),(1148,'994321','巡逻321号','123456','123456783994321',1,0,3,'2019-03-29 14:31:37','2019-03-29 02:31:55','2019-03-29 14:31:37'),(1149,'994322','巡逻322号','123456','123456783994322',1,0,3,'2019-03-29 14:31:37','2019-03-29 02:31:55','2019-03-29 14:31:37'),(1150,'994323','巡逻323号','123456','123456783994323',1,0,3,'2019-03-29 14:31:37','2019-03-29 02:31:55','2019-03-29 14:31:37'),(1151,'994324','巡逻324号','123456','123456783994324',1,0,3,'2019-03-29 14:31:37','2019-03-29 02:31:55','2019-03-29 14:31:37'),(1152,'994325','巡逻325号','123456','123456783994325',1,0,3,'2019-03-29 14:31:37','2019-03-29 02:31:55','2019-03-29 14:31:37'),(1153,'994326','巡逻326号','123456','123456783994326',1,0,3,'2019-03-29 14:31:37','2019-03-29 02:31:55','2019-03-29 14:31:37'),(1154,'994327','巡逻327号','123456','123456783994327',1,0,3,'2019-03-29 14:31:37','2019-03-29 02:31:55','2019-03-29 14:31:37'),(1155,'994328','巡逻328号','123456','123456783994328',1,0,3,'2019-03-29 14:31:37','2019-03-29 02:31:55','2019-03-29 14:31:37'),(1156,'994329','巡逻329号','123456','123456783994329',1,0,3,'2019-03-29 14:31:37','2019-03-29 02:31:55','2019-03-29 14:31:37'),(1157,'994330','巡逻330号','123456','123456783994330',1,0,3,'2019-03-29 14:31:37','2019-03-29 02:31:56','2019-03-29 14:31:37'),(1158,'994331','巡逻331号','123456','123456783994331',1,0,3,'2019-03-29 14:31:37','2019-03-29 02:31:56','2019-03-29 14:31:37'),(1159,'994332','巡逻332号','123456','123456783994332',1,0,3,'2019-03-29 14:31:37','2019-03-29 02:31:56','2019-03-29 14:31:37'),(1160,'994333','巡逻333号','123456','123456783994333',1,0,3,'2019-03-29 14:31:37','2019-03-29 02:31:56','2019-03-29 14:31:37'),(1161,'994334','巡逻334号','123456','123456783994334',1,0,3,'2019-03-29 14:31:37','2019-03-29 02:31:56','2019-03-29 14:31:37'),(1162,'994335','巡逻335号','123456','123456783994335',1,0,3,'2019-03-29 14:31:37','2019-03-29 02:31:56','2019-03-29 14:31:37'),(1163,'994336','巡逻336号','123456','123456783994336',1,0,3,'2019-03-29 14:31:37','2019-03-29 02:31:56','2019-03-29 14:31:37'),(1164,'994337','巡逻337号','123456','123456783994337',1,0,3,'2019-03-29 14:31:37','2019-03-29 02:31:56','2019-03-29 14:31:37'),(1165,'994338','巡逻338号','123456','123456783994338',1,0,3,'2019-03-29 14:31:37','2019-03-29 02:31:56','2019-03-29 14:31:37'),(1166,'994339','巡逻339号','123456','123456783994339',1,0,3,'2019-03-29 14:31:37','2019-03-29 02:31:56','2019-03-29 14:31:37'),(1167,'994340','巡逻340号','123456','123456783994340',1,0,3,'2019-03-29 14:31:38','2019-03-29 02:31:56','2019-03-29 14:31:38'),(1168,'994341','巡逻341号','123456','123456783994341',1,0,3,'2019-03-29 14:31:38','2019-03-29 02:31:56','2019-03-29 14:31:38'),(1169,'994342','巡逻342号','123456','123456783994342',1,0,3,'2019-03-29 14:31:38','2019-03-29 02:31:56','2019-03-29 14:31:38'),(1170,'994343','巡逻343号','123456','123456783994343',1,0,3,'2019-03-29 14:31:38','2019-03-29 02:31:56','2019-03-29 14:31:38'),(1171,'994344','巡逻344号','123456','123456783994344',1,0,3,'2019-03-29 14:31:38','2019-03-29 02:31:56','2019-03-29 14:31:38'),(1172,'994345','巡逻345号','123456','123456783994345',1,0,3,'2019-03-29 14:31:38','2019-03-29 02:31:56','2019-03-29 14:31:38'),(1173,'994346','巡逻346号','123456','123456783994346',1,0,3,'2019-03-29 14:31:38','2019-03-29 02:31:56','2019-03-29 14:31:38'),(1174,'994347','巡逻347号','123456','123456783994347',1,0,3,'2019-03-29 14:31:38','2019-03-29 02:31:56','2019-03-29 14:31:38'),(1175,'994348','巡逻348号','123456','123456783994348',1,0,3,'2019-03-29 14:31:38','2019-03-29 02:31:56','2019-03-29 14:31:38'),(1176,'994349','巡逻349号','123456','123456783994349',1,0,3,'2019-03-29 14:31:38','2019-03-29 02:31:56','2019-03-29 14:31:38'),(1177,'994350','巡逻350号','123456','123456783994350',1,0,3,'2019-03-29 14:31:38','2019-03-29 02:31:56','2019-03-29 14:31:38'),(1178,'994351','巡逻351号','123456','123456783994351',1,0,3,'2019-03-29 14:31:38','2019-03-29 02:31:56','2019-03-29 14:31:38'),(1179,'994352','巡逻352号','123456','123456783994352',1,0,3,'2019-03-29 14:31:38','2019-03-29 02:31:56','2019-03-29 14:31:38'),(1180,'994353','巡逻353号','123456','123456783994353',1,0,3,'2019-03-29 14:31:38','2019-03-29 02:31:56','2019-03-29 14:31:38'),(1181,'994354','巡逻354号','123456','123456783994354',1,0,3,'2019-03-29 14:31:38','2019-03-29 02:31:56','2019-03-29 14:31:38'),(1182,'994355','巡逻355号','123456','123456783994355',1,0,3,'2019-03-29 14:31:38','2019-03-29 02:31:56','2019-03-29 14:31:38'),(1183,'994356','巡逻356号','123456','123456783994356',1,0,3,'2019-03-29 14:31:38','2019-03-29 02:31:57','2019-03-29 14:31:38'),(1184,'994357','巡逻357号','123456','123456783994357',1,0,3,'2019-03-29 14:31:38','2019-03-29 02:31:57','2019-03-29 14:31:38'),(1185,'994358','巡逻358号','123456','123456783994358',1,0,3,'2019-03-29 14:31:38','2019-03-29 02:31:57','2019-03-29 14:31:38'),(1186,'994359','巡逻359号','123456','123456783994359',1,0,3,'2019-03-29 14:31:38','2019-03-29 02:31:57','2019-03-29 14:31:38'),(1187,'994360','巡逻360号','123456','123456783994360',1,0,3,'2019-03-29 14:31:38','2019-03-29 02:31:57','2019-03-29 14:31:38'),(1188,'994361','巡逻361号','123456','123456783994361',1,0,3,'2019-03-29 14:31:38','2019-03-29 02:31:57','2019-03-29 14:31:38'),(1189,'994362','巡逻362号','123456','123456783994362',1,0,3,'2019-03-29 14:31:38','2019-03-29 02:31:57','2019-03-29 14:31:38'),(1190,'994363','巡逻363号','123456','123456783994363',1,0,3,'2019-03-29 14:31:38','2019-03-29 02:31:57','2019-03-29 14:31:38'),(1191,'994364','巡逻364号','123456','123456783994364',1,0,3,'2019-03-29 14:31:38','2019-03-29 02:31:57','2019-03-29 14:31:38'),(1192,'994365','巡逻365号','123456','123456783994365',1,0,3,'2019-03-29 14:31:38','2019-03-29 02:31:57','2019-03-29 14:31:38'),(1193,'994366','巡逻366号','123456','123456783994366',1,0,3,'2019-03-29 14:31:39','2019-03-29 02:31:57','2019-03-29 14:31:39'),(1194,'994367','巡逻367号','123456','123456783994367',1,0,3,'2019-03-29 14:31:39','2019-03-29 02:31:57','2019-03-29 14:31:39'),(1195,'994368','巡逻368号','123456','123456783994368',1,0,3,'2019-03-29 14:31:39','2019-03-29 02:31:57','2019-03-29 14:31:39'),(1196,'994369','巡逻369号','123456','123456783994369',1,0,3,'2019-03-29 14:31:39','2019-03-29 02:31:57','2019-03-29 14:31:39'),(1197,'994370','巡逻370号','123456','123456783994370',1,0,3,'2019-03-29 14:31:39','2019-03-29 02:31:57','2019-03-29 14:31:39'),(1198,'994371','巡逻371号','123456','123456783994371',1,0,3,'2019-03-29 14:31:39','2019-03-29 02:31:57','2019-03-29 14:31:39'),(1199,'994372','巡逻372号','123456','123456783994372',1,0,3,'2019-03-29 14:31:39','2019-03-29 02:31:57','2019-03-29 14:31:39'),(1200,'994373','巡逻373号','123456','123456783994373',1,0,3,'2019-03-29 14:31:39','2019-03-29 02:31:57','2019-03-29 14:31:39'),(1201,'994374','巡逻374号','123456','123456783994374',1,0,3,'2019-03-29 14:31:39','2019-03-29 02:31:57','2019-03-29 14:31:39'),(1202,'994375','巡逻375号','123456','123456783994375',1,0,3,'2019-03-29 14:31:39','2019-03-29 02:31:57','2019-03-29 14:31:39'),(1203,'994376','巡逻376号','123456','123456783994376',1,0,3,'2019-03-29 14:31:39','2019-03-29 02:31:57','2019-03-29 14:31:39'),(1204,'994377','巡逻377号','123456','123456783994377',1,0,3,'2019-03-29 14:31:39','2019-03-29 02:31:57','2019-03-29 14:31:39'),(1205,'994378','巡逻378号','123456','123456783994378',1,0,3,'2019-03-29 14:31:39','2019-03-29 02:31:57','2019-03-29 14:31:39'),(1206,'994379','巡逻379号','123456','123456783994379',1,0,3,'2019-03-29 14:31:39','2019-03-29 02:31:57','2019-03-29 14:31:39'),(1207,'994380','巡逻380号','123456','123456783994380',1,0,3,'2019-03-29 14:31:39','2019-03-29 02:31:57','2019-03-29 14:31:39'),(1208,'994381','巡逻381号','123456','123456783994381',1,0,3,'2019-03-29 14:31:39','2019-03-29 02:31:58','2019-03-29 14:31:39'),(1209,'994382','巡逻382号','123456','123456783994382',1,0,3,'2019-03-29 14:31:39','2019-03-29 02:31:58','2019-03-29 14:31:39'),(1210,'994383','巡逻383号','123456','123456783994383',1,0,3,'2019-03-29 14:31:39','2019-03-29 02:31:58','2019-03-29 14:31:39'),(1211,'994384','巡逻384号','123456','123456783994384',1,0,3,'2019-03-29 14:31:39','2019-03-29 02:31:58','2019-03-29 14:31:39'),(1212,'994385','巡逻385号','123456','123456783994385',1,0,3,'2019-03-29 14:31:39','2019-03-29 02:31:58','2019-03-29 14:31:39'),(1213,'994386','巡逻386号','123456','123456783994386',1,0,3,'2019-03-29 14:31:39','2019-03-29 02:31:58','2019-03-29 14:31:39'),(1214,'994387','巡逻387号','123456','123456783994387',1,0,3,'2019-03-29 14:31:40','2019-03-29 02:31:58','2019-03-29 14:31:40'),(1215,'994388','巡逻388号','123456','123456783994388',1,0,3,'2019-03-29 14:31:40','2019-03-29 02:31:58','2019-03-29 14:31:40'),(1216,'994389','巡逻389号','123456','123456783994389',1,0,3,'2019-03-29 14:31:40','2019-03-29 02:31:58','2019-03-29 14:31:40'),(1217,'994390','巡逻390号','123456','123456783994390',1,0,3,'2019-03-29 14:31:40','2019-03-29 02:31:58','2019-03-29 14:31:40'),(1218,'994391','巡逻391号','123456','123456783994391',1,0,3,'2019-03-29 14:31:40','2019-03-29 02:31:58','2019-03-29 14:31:40'),(1219,'994392','巡逻392号','123456','123456783994392',1,0,3,'2019-03-29 14:31:40','2019-03-29 02:31:58','2019-03-29 14:31:40'),(1220,'994393','巡逻393号','123456','123456783994393',1,0,3,'2019-03-29 14:31:40','2019-03-29 02:31:58','2019-03-29 14:31:40'),(1221,'994394','巡逻394号','123456','123456783994394',1,0,3,'2019-03-29 14:31:40','2019-03-29 02:31:58','2019-03-29 14:31:40'),(1222,'994395','巡逻395号','123456','123456783994395',1,0,3,'2019-03-29 14:31:40','2019-03-29 02:31:58','2019-03-29 14:31:40'),(1223,'994396','巡逻396号','123456','123456783994396',1,0,3,'2019-03-29 14:31:40','2019-03-29 02:31:58','2019-03-29 14:31:40'),(1224,'994397','巡逻397号','123456','123456783994397',1,0,3,'2019-03-29 14:31:40','2019-03-29 02:31:58','2019-03-29 14:31:40'),(1225,'994398','巡逻398号','123456','123456783994398',1,0,3,'2019-03-29 14:31:40','2019-03-29 02:31:58','2019-03-29 14:31:40'),(1226,'994399','巡逻399号','123456','123456783994399',1,0,3,'2019-03-29 14:31:40','2019-03-29 02:31:58','2019-03-29 14:31:40'),(1250,'411250','开发1250号','123456','123456785411250',1,0,7,'2019-03-29 14:38:39','2019-03-29 02:47:38','2019-03-29 14:38:39'),(1251,'411251','开发1251号','123456','123456785411251',1,0,7,'2019-03-29 14:38:39','2019-03-29 02:47:38','2019-03-29 14:38:39'),(1252,'411252','开发1252号','123456','123456785411252',1,0,7,'2019-03-29 14:38:39','2019-03-29 02:47:38','2019-03-29 14:38:39'),(1253,'411253','开发1253号','123456','123456785411253',1,0,7,'2019-03-29 14:38:39','2019-03-29 02:47:38','2019-03-29 14:38:39'),(1254,'411254','开发1254号','123456','123456785411254',1,0,7,'2019-03-29 14:38:39','2019-03-29 02:47:38','2019-03-29 14:38:39'),(1255,'411255','开发1255号','123456','123456785411255',1,0,7,'2019-03-29 14:38:40','2019-03-29 02:47:38','2019-03-29 14:38:40'),(1256,'411256','开发1256号','123456','123456785411256',1,0,7,'2019-03-29 14:38:40','2019-03-29 02:47:38','2019-03-29 14:38:40'),(1257,'411257','开发1257号','123456','123456785411257',1,0,7,'2019-03-29 14:38:40','2019-03-29 02:47:38','2019-03-29 14:38:40'),(1258,'411258','开发1258号','123456','123456785411258',1,0,7,'2019-03-29 14:38:40','2019-03-29 02:47:38','2019-03-29 14:38:40'),(1259,'411259','开发1259号','123456','123456785411259',1,0,7,'2019-03-29 14:38:40','2019-03-29 02:47:38','2019-03-29 14:38:40'),(1260,'411260','开发1260号','123456','123456785411260',1,0,1419,'2019-03-29 14:38:40','2019-04-01 08:22:05','2019-03-29 14:38:40'),(1261,'411261','开发1261号','123456','123456785411261',1,0,1430,'2019-03-29 14:38:40','2019-04-01 22:31:08','2019-03-29 14:38:40'),(1262,'411262','开发1262号','123456','123456785411262',1,0,1430,'2019-03-29 14:38:40','2019-04-01 22:31:08','2019-03-29 14:38:40'),(1263,'411263','开发1263号','123456','123456785411263',1,0,1430,'2019-03-29 14:38:40','2019-04-01 22:31:08','2019-03-29 14:38:40'),(1264,'411264','开发1264号','123456','123456785411264',1,0,1430,'2019-03-29 14:38:40','2019-04-01 22:31:08','2019-03-29 14:38:40'),(1265,'411265','开发1265号','123456','123456785411265',1,0,1430,'2019-03-29 14:38:40','2019-04-01 22:31:08','2019-03-29 14:38:40'),(1266,'411266','开发1266号','123456','123456785411266',1,0,1430,'2019-03-29 14:38:40','2019-04-01 22:31:08','2019-03-29 14:38:40'),(1267,'411267','开发1267号','123456','123456785411267',1,0,1430,'2019-03-29 14:38:40','2019-04-01 22:31:08','2019-03-29 14:38:40'),(1268,'411268','开发1268号','123456','123456785411268',1,0,1430,'2019-03-29 14:38:40','2019-04-01 22:31:08','2019-03-29 14:38:40'),(1269,'411269','开发1269号','123456','123456785411269',1,0,1430,'2019-03-29 14:38:40','2019-04-01 22:31:08','2019-03-29 14:38:40'),(1270,'411270','开发1270号','123456','123456785411270',1,0,1430,'2019-03-29 14:38:40','2019-04-01 22:31:08','2019-03-29 14:38:40'),(1271,'411271','开发1271号','123456','123456785411271',1,0,1430,'2019-03-29 14:38:40','2019-04-01 22:31:51','2019-03-29 14:38:40'),(1272,'411272','开发1272号','123456','123456785411272',1,0,1430,'2019-03-29 14:38:40','2019-04-01 22:31:51','2019-03-29 14:38:40'),(1273,'411273','开发1273号','123456','123456785411273',1,0,1430,'2019-03-29 14:38:40','2019-04-01 22:31:51','2019-03-29 14:38:40'),(1274,'411274','开发1274号','123456','123456785411274',1,0,1430,'2019-03-29 14:38:40','2019-04-01 22:31:51','2019-03-29 14:38:40'),(1275,'411275','开发1275号','123456','123456785411275',1,0,1430,'2019-03-29 14:38:40','2019-04-01 22:31:51','2019-03-29 14:38:40'),(1276,'411276','开发1276号','123456','123456785411276',1,0,1430,'2019-03-29 14:38:40','2019-04-01 22:31:51','2019-03-29 14:38:40'),(1277,'411277','开发1277号','123456','123456785411277',1,0,1430,'2019-03-29 14:38:40','2019-04-01 22:31:51','2019-03-29 14:38:40'),(1278,'411278','开发1278号','123456','123456785411278',1,0,1430,'2019-03-29 14:38:40','2019-04-01 22:31:51','2019-03-29 14:38:40'),(1279,'411279','开发1279号','123456','123456785411279',1,0,1430,'2019-03-29 14:38:40','2019-04-01 22:31:51','2019-03-29 14:38:40'),(1280,'411280','开发1280号','123456','123456785411280',1,0,1430,'2019-03-29 14:38:40','2019-04-01 22:31:51','2019-03-29 14:38:40'),(1281,'411281','开发1281号','123456','123456785411281',1,0,8,'2019-03-29 14:38:40','2019-03-29 02:38:59','2019-03-29 14:38:40'),(1282,'411282','开发1282号','123456','123456785411282',1,0,8,'2019-03-29 14:38:40','2019-03-29 02:38:59','2019-03-29 14:38:40'),(1283,'411283','开发1283号','123456','123456785411283',1,0,8,'2019-03-29 14:38:40','2019-03-29 02:38:59','2019-03-29 14:38:40'),(1284,'411284','开发1284号','123456','123456785411284',1,0,8,'2019-03-29 14:38:40','2019-03-29 02:38:59','2019-03-29 14:38:40'),(1285,'411285','开发1285号','123456','123456785411285',1,0,8,'2019-03-29 14:38:40','2019-03-29 02:38:59','2019-03-29 14:38:40'),(1286,'411286','开发1286号','123456','123456785411286',1,0,8,'2019-03-29 14:38:40','2019-03-29 02:38:59','2019-03-29 14:38:40'),(1287,'411287','开发1287号','123456','123456785411287',1,0,8,'2019-03-29 14:38:40','2019-03-29 02:38:59','2019-03-29 14:38:40'),(1288,'411288','开发1288号','123456','123456785411288',1,0,8,'2019-03-29 14:38:40','2019-03-29 02:38:59','2019-03-29 14:38:40'),(1289,'411289','开发1289号','123456','123456785411289',1,0,8,'2019-03-29 14:38:41','2019-03-29 02:38:59','2019-03-29 14:38:41'),(1290,'411290','开发1290号','123456','123456785411290',1,0,8,'2019-03-29 14:38:41','2019-03-29 02:38:59','2019-03-29 14:38:41'),(1291,'411291','开发1291号','123456','123456785411291',1,0,8,'2019-03-29 14:38:41','2019-03-29 02:38:59','2019-03-29 14:38:41'),(1292,'411292','开发1292号','123456','123456785411292',1,0,8,'2019-03-29 14:38:41','2019-03-29 02:38:59','2019-03-29 14:38:41'),(1293,'411293','开发1293号','123456','123456785411293',1,0,8,'2019-03-29 14:38:41','2019-03-29 02:38:59','2019-03-29 14:38:41'),(1294,'411294','开发1294号','123456','123456785411294',1,0,8,'2019-03-29 14:38:41','2019-03-29 02:38:59','2019-03-29 14:38:41'),(1295,'411295','开发1295号','123456','123456785411295',1,0,8,'2019-03-29 14:38:41','2019-03-29 02:38:59','2019-03-29 14:38:41'),(1296,'411296','开发1296号','123456','123456785411296',1,0,8,'2019-03-29 14:38:41','2019-03-29 02:38:59','2019-03-29 14:38:41'),(1297,'411297','开发1297号','123456','123456785411297',1,0,8,'2019-03-29 14:38:41','2019-03-29 02:38:59','2019-03-29 14:38:41'),(1298,'411298','开发1298号','123456','123456785411298',1,0,8,'2019-03-29 14:38:41','2019-03-29 02:38:59','2019-03-29 14:38:41'),(1299,'411299','开发1299号','123456','123456785411299',1,0,8,'2019-03-29 14:38:41','2019-03-29 02:38:59','2019-03-29 14:38:41'),(1300,'411300','开发1300号','123456','123456785411300',1,0,8,'2019-03-29 14:38:41','2019-03-29 02:38:59','2019-03-29 14:38:41'),(1301,'411301','开发1301号','123456','123456785411301',1,0,8,'2019-03-29 14:38:41','2019-03-29 02:38:59','2019-03-29 14:38:41'),(1302,'411302','开发1302号','123456','123456785411302',1,0,8,'2019-03-29 14:38:41','2019-03-29 02:38:59','2019-03-29 14:38:41'),(1303,'411303','开发1303号','123456','123456785411303',1,0,8,'2019-03-29 14:38:41','2019-03-29 02:38:59','2019-03-29 14:38:41'),(1304,'411304','开发1304号','123456','123456785411304',1,0,8,'2019-03-29 14:38:41','2019-03-29 02:38:59','2019-03-29 14:38:41'),(1305,'411305','开发1305号','123456','123456785411305',1,0,8,'2019-03-29 14:38:41','2019-03-29 02:38:59','2019-03-29 14:38:41'),(1306,'411306','开发1306号','123456','123456785411306',1,0,8,'2019-03-29 14:38:41','2019-03-29 02:38:59','2019-03-29 14:38:41'),(1307,'411307','开发1307号','123456','123456785411307',1,0,8,'2019-03-29 14:38:41','2019-03-29 02:38:59','2019-03-29 14:38:41'),(1308,'411308','开发1308号','123456','123456785411308',1,0,8,'2019-03-29 14:38:41','2019-03-29 02:38:59','2019-03-29 14:38:41'),(1309,'411309','开发1309号','123456','123456785411309',1,0,8,'2019-03-29 14:38:41','2019-03-29 02:38:59','2019-03-29 14:38:41'),(1310,'411310','开发1310号','123456','123456785411310',1,0,8,'2019-03-29 14:38:41','2019-03-29 02:39:00','2019-03-29 14:38:41'),(1311,'411311','开发1311号','123456','123456785411311',1,0,8,'2019-03-29 14:38:41','2019-03-29 02:39:00','2019-03-29 14:38:41'),(1312,'411312','开发1312号','123456','123456785411312',1,0,8,'2019-03-29 14:38:41','2019-03-29 02:39:00','2019-03-29 14:38:41'),(1313,'411313','开发1313号','123456','123456785411313',1,0,8,'2019-03-29 14:38:41','2019-03-29 02:39:00','2019-03-29 14:38:41'),(1314,'411314','开发1314号','123456','123456785411314',1,0,8,'2019-03-29 14:38:41','2019-03-29 02:39:00','2019-03-29 14:38:41'),(1315,'411315','开发1315号','123456','123456785411315',1,0,8,'2019-03-29 14:38:41','2019-03-29 02:39:00','2019-03-29 14:38:41'),(1316,'411316','开发1316号','123456','123456785411316',1,0,8,'2019-03-29 14:38:41','2019-03-29 02:39:00','2019-03-29 14:38:41'),(1317,'411317','开发1317号','123456','123456785411317',1,0,8,'2019-03-29 14:38:41','2019-03-29 02:39:00','2019-03-29 14:38:41'),(1318,'411318','开发1318号','123456','123456785411318',1,0,8,'2019-03-29 14:38:41','2019-03-29 02:39:00','2019-03-29 14:38:41'),(1319,'411319','开发1319号','123456','123456785411319',1,0,8,'2019-03-29 14:38:41','2019-03-29 02:39:00','2019-03-29 14:38:41'),(1320,'411320','开发1320号','123456','123456785411320',1,0,8,'2019-03-29 14:38:41','2019-03-29 02:39:00','2019-03-29 14:38:41'),(1321,'411321','开发1321号','123456','123456785411321',1,0,8,'2019-03-29 14:38:41','2019-03-29 02:39:00','2019-03-29 14:38:41'),(1322,'411322','开发1322号','123456','123456785411322',1,0,8,'2019-03-29 14:38:41','2019-03-29 02:39:00','2019-03-29 14:38:41'),(1323,'411323','开发1323号','123456','123456785411323',1,0,8,'2019-03-29 14:38:42','2019-03-29 02:39:00','2019-03-29 14:38:42'),(1324,'411324','开发1324号','123456','123456785411324',1,0,8,'2019-03-29 14:38:42','2019-03-29 02:39:00','2019-03-29 14:38:42'),(1325,'411325','开发1325号','123456','123456785411325',1,0,8,'2019-03-29 14:38:42','2019-03-29 02:39:00','2019-03-29 14:38:42'),(1326,'411326','开发1326号','123456','123456785411326',1,0,8,'2019-03-29 14:38:42','2019-03-29 02:39:00','2019-03-29 14:38:42'),(1327,'411327','开发1327号','123456','123456785411327',1,0,8,'2019-03-29 14:38:42','2019-03-29 02:39:00','2019-03-29 14:38:42'),(1328,'411328','开发1328号','123456','123456785411328',1,0,8,'2019-03-29 14:38:42','2019-03-29 02:39:00','2019-03-29 14:38:42'),(1329,'411329','开发1329号','123456','123456785411329',1,0,8,'2019-03-29 14:38:42','2019-03-29 02:39:00','2019-03-29 14:38:42'),(1330,'411330','开发1330号','123456','123456785411330',1,0,8,'2019-03-29 14:38:42','2019-03-29 02:39:00','2019-03-29 14:38:42'),(1331,'411331','开发1331号','123456','123456785411331',1,0,8,'2019-03-29 14:38:42','2019-03-29 02:39:00','2019-03-29 14:38:42'),(1332,'411332','开发1332号','123456','123456785411332',1,0,8,'2019-03-29 14:38:42','2019-03-29 02:39:00','2019-03-29 14:38:42'),(1333,'411333','开发1333号','123456','123456785411333',1,0,8,'2019-03-29 14:38:42','2019-03-29 02:39:00','2019-03-29 14:38:42'),(1334,'411334','开发1334号','123456','123456785411334',1,0,8,'2019-03-29 14:38:42','2019-03-29 02:39:00','2019-03-29 14:38:42'),(1335,'411335','开发1335号','123456','123456785411335',1,0,8,'2019-03-29 14:38:42','2019-03-29 02:39:00','2019-03-29 14:38:42'),(1336,'411336','开发1336号','123456','123456785411336',1,0,8,'2019-03-29 14:38:42','2019-03-29 02:39:00','2019-03-29 14:38:42'),(1337,'411337','开发1337号','123456','123456785411337',1,0,8,'2019-03-29 14:38:42','2019-03-29 02:39:00','2019-03-29 14:38:42'),(1338,'411338','开发1338号','123456','123456785411338',1,0,8,'2019-03-29 14:38:42','2019-03-29 02:39:00','2019-03-29 14:38:42'),(1339,'411339','开发1339号','123456','123456785411339',1,0,8,'2019-03-29 14:38:42','2019-03-29 02:39:00','2019-03-29 14:38:42'),(1340,'411340','开发1340号','123456','123456785411340',1,0,8,'2019-03-29 14:38:42','2019-03-29 02:39:00','2019-03-29 14:38:42'),(1341,'411341','开发1341号','123456','123456785411341',1,0,8,'2019-03-29 14:38:42','2019-03-29 02:39:00','2019-03-29 14:38:42'),(1342,'411342','开发1342号','123456','123456785411342',1,0,8,'2019-03-29 14:38:42','2019-03-29 02:39:00','2019-03-29 14:38:42'),(1343,'411343','开发1343号','123456','123456785411343',1,0,8,'2019-03-29 14:38:42','2019-03-29 02:39:00','2019-03-29 14:38:42'),(1344,'411344','开发1344号','123456','123456785411344',1,0,8,'2019-03-29 14:38:42','2019-03-29 02:39:01','2019-03-29 14:38:42'),(1345,'411345','开发1345号','123456','123456785411345',1,0,8,'2019-03-29 14:38:42','2019-03-29 02:39:01','2019-03-29 14:38:42'),(1346,'411346','开发1346号','123456','123456785411346',1,0,8,'2019-03-29 14:38:42','2019-03-29 02:39:01','2019-03-29 14:38:42'),(1347,'411347','开发1347号','123456','123456785411347',1,0,8,'2019-03-29 14:38:42','2019-03-29 02:39:01','2019-03-29 14:38:42'),(1348,'411348','开发1348号','123456','123456785411348',1,0,8,'2019-03-29 14:38:42','2019-03-29 02:39:01','2019-03-29 14:38:42'),(1349,'411349','开发1349号','123456','123456785411349',1,0,8,'2019-03-29 14:38:42','2019-03-29 02:39:01','2019-03-29 14:38:42'),(1350,'88888777','88888777','88888777','999990888888777',1,0,1,'2019-03-30 15:54:30','2019-03-30 03:55:51','2019-03-30 15:54:31'),(1355,'88888776','88888776','88888776','999990888888776',1,0,1,'2019-03-29 18:02:28','2019-03-29 06:02:46','2019-03-29 18:02:28'),(1358,'89555555','89555555','89555555','123456789555555',1,0,1,'2019-03-29 18:18:17','2019-03-29 06:18:35','2019-03-29 18:18:17'),(1359,'89666666','89666666','89666666','123456789666666',1,0,1,'2019-03-29 18:18:17','2019-03-29 06:18:35','2019-03-29 18:18:17'),(1374,'897777777','897777777','897777777','1234567897777777',1,0,1,'2019-03-30 14:01:30','2019-03-30 02:01:54','2019-03-30 14:01:30'),(1386,'89555544','89555544','89555544','123456789555544',1,0,1,'2019-03-30 14:40:01','2019-03-30 02:40:25','2019-03-30 14:40:01'),(1387,'89555533','89555533','89555533','123456789555533',1,0,1,'2019-03-30 14:43:20','2019-03-30 02:43:44','2019-03-30 14:43:20'),(1388,'89555522','89555522','89555522','123456789555522',1,0,1,'2019-03-30 14:44:28','2019-03-30 02:44:52','2019-03-30 14:44:28'),(1389,'89012345','89012345','89012345','123456789012345',1,0,1,'2019-03-30 14:52:30','2019-03-30 02:52:54','2019-03-30 14:52:30'),(1390,'11111111','11111111','11111111','111111111111111',1,0,1,'2019-03-30 14:53:17','2019-03-30 02:53:41','2019-03-30 14:53:17'),(1391,'22222222','22222222','22222222','222222222222222',1,0,1,'2019-03-30 14:53:17','2019-03-30 02:53:41','2019-03-30 14:53:17'),(1392,'8','8','8','12345678',1,0,1,'2019-03-30 14:57:51','2019-03-30 02:58:15','2019-03-30 14:57:51'),(1393,'23654123','23654123','23654123','123654123654123',1,0,1,'2019-03-30 15:34:26','2019-03-30 03:34:50','2019-03-30 15:34:26'),(1395,'21123321','21123321','21123321','123123321123321',1,0,1,'2019-03-30 15:38:34','2019-03-30 03:38:58','2019-03-30 15:38:34'),(1396,'23987456','23987456','23987456','987456123987456',1,0,1,'2019-03-30 15:38:57','2019-03-30 03:39:21','2019-03-30 15:38:57'),(1405,'dolphinss','不能z','123456','1',3,5,0,'2019-04-01 14:16:34','2019-04-03 16:55:35','2019-04-01 14:16:34'),(1406,'wwwww','阿三大','333333','1',3,5,0,'2019-04-01 14:23:41','2019-04-03 16:49:31','2019-04-01 14:23:41'),(1407,'qweqwe','发传真从小','111111','1',3,5,0,'2019-04-01 14:38:34','2019-04-01 18:22:28','2019-04-01 14:38:34'),(1408,'leikun','萨斯打啊','111111','1',3,5,0,'2019-04-01 15:38:18','2019-04-01 18:01:14','2019-04-01 15:38:18'),(1409,'leilei','阿斯顿','qqqqqq','1',3,5,0,'2019-04-01 15:41:21','2019-04-02 18:11:06','2019-04-01 15:41:21'),(1410,'leiasd','萝莉的','111111','1',3,5,0,'2019-04-01 15:41:44','2019-04-01 20:11:26','2019-04-01 15:41:44'),(1411,'llllll','你好呀','123123','1',3,5,0,'2019-04-01 15:44:36','2019-04-01 03:44:36','2019-04-01 15:44:36'),(1412,'QWERTY','老大行政','111111','1',3,5,0,'2019-04-01 15:59:00','2019-04-01 20:04:15','2019-04-01 15:59:00'),(1413,'rrrrqqe','阿萨德','qqqqqq','1',3,5,0,'2019-04-01 15:59:59','2019-04-01 19:44:51','2019-04-01 15:59:59'),(1414,'leileilei','雷坤阿萨德','123456','1',3,5,0,'2019-04-01 16:29:11','2019-04-01 04:29:11','2019-04-01 16:29:11'),(1415,'asdad','你是个','111111','1',3,5,0,'2019-04-01 17:50:17','2019-04-01 05:50:17','2019-04-01 17:50:17'),(1416,'eewqwe','实打实大多','111111','1',3,5,0,'2019-04-01 17:51:53','2019-04-01 20:24:30','2019-04-01 17:51:53'),(1417,'dsasdfafa','欧弟','111111','1',3,5,0,'2019-04-01 17:53:18','2019-04-01 05:53:18','2019-04-01 17:53:18'),(1418,'qweqwwq','阿达打','111111','1',3,5,0,'2019-04-01 17:54:52','2019-04-02 18:15:30','2019-04-01 17:54:52'),(1419,'popopo','大倒萨','666666','1',2,5,0,'2019-04-01 18:25:29','2019-04-01 20:22:14','2019-04-01 18:25:29'),(1420,'diaoduyuan','调度员','666666','1',2,5,0,'2019-04-02 09:16:19','2019-04-01 21:16:22','2019-04-02 09:16:19'),(1421,'diaodiao','调度员2','666666','1',2,5,0,'2019-04-02 09:29:04','2019-04-01 21:29:07','2019-04-02 09:29:04'),(1422,'diaodu','调度员3','666666','1',2,5,0,'2019-04-02 09:30:13','2019-04-01 21:30:16','2019-04-02 09:30:13'),(1423,'diaodudu','调度员4','666666','1',2,5,0,'2019-04-02 09:37:17','2019-04-01 21:37:19','2019-04-02 09:37:17'),(1424,'dududu','调度员6','123456','1',2,5,0,'2019-04-02 09:39:54','2019-04-01 21:39:57','2019-04-02 09:39:54'),(1425,'diaodiaodiao','调大','666666','1',2,5,0,'2019-04-02 09:41:23','2019-04-01 21:41:26','2019-04-02 09:41:23'),(1426,'yuanyuan','调度员7','666666','1',2,5,0,'2019-04-02 09:47:40','2019-04-01 21:47:42','2019-04-02 09:47:40'),(1427,'diao8888','调度员9','666666','1',2,5,0,'2019-04-02 09:55:51','2019-04-01 21:55:53','2019-04-02 09:55:51'),(1428,'nihaohao','你你你你','666666','1',2,5,0,'2019-04-02 09:58:09','2019-04-01 21:58:12','2019-04-02 09:58:09'),(1429,'nihaohihao','萨达大','666666','1',2,5,0,'2019-04-02 10:08:52','2019-04-01 22:08:55','2019-04-02 10:08:52'),(1430,'diaoduyuan0','调度员0','666666','1',2,5,0,'2019-04-02 10:24:54','2019-04-01 22:24:57','2019-04-02 10:24:54'),(1431,'diaoduyuan11','调度员11','666666','1',2,1430,0,'2019-04-02 14:17:03','2019-04-02 02:17:06','2019-04-02 14:17:03'),(1432,'diaoduyuan111','调度员11','666666','1',2,5,0,'2019-04-02 14:18:03','2019-04-02 02:18:06','2019-04-02 14:18:03'),(1433,'diaoduyuan12','调度员12','666666','1',2,5,0,'2019-04-02 14:20:11','2019-04-02 02:20:15','2019-04-02 14:20:11'),(1434,'diaoduyuan13','调度员13','666666','1',2,5,0,'2019-04-02 14:21:50','2019-04-02 17:44:23','2019-04-02 14:21:50'),(1435,'diaoduyuan15','调度员14','666666','1',2,5,0,'2019-04-02 14:24:06','2019-04-02 02:24:10','2019-04-02 14:24:06'),(1436,'adasdasd','阿达大创新','111111','1',2,5,0,'2019-04-03 15:22:19','2019-04-03 03:22:24','2019-04-03 15:22:19'),(1437,'dsdasaqe','阿斯达所多从','666666','1',2,5,0,'2019-04-03 16:37:21','2019-04-03 04:37:26','2019-04-03 16:37:21'),(1438,'dolphin11','111111111','123456','1',3,5,0,'2019-04-03 23:25:15','2019-04-03 23:25:15','2019-04-03 23:25:15'),(1439,'leikundiaoduyuan','nana123','123456','1',3,5,0,NULL,'2019-04-04 03:23:31',NULL),(1440,'diaoduyuan001','调度员001','123456','1',2,1430,0,'2019-04-04 15:44:47','2019-04-04 03:44:47','2019-04-04 15:44:47'),(1441,'diaoduyuan991','调度员001','123456','1',2,1430,0,'2019-04-04 15:45:18','2019-04-04 03:45:18','2019-04-04 15:45:18');

/*Table structure for table `user_friend` */

DROP TABLE IF EXISTS `user_friend`;

CREATE TABLE `user_friend` (
  `id` int(10) unsigned NOT NULL AUTO_INCREMENT COMMENT 'ID',
  `uid` int(10) NOT NULL COMMENT '用户ID',
  `friend_uid` int(10) NOT NULL COMMENT '好友ID',
  `stat` smallint(3) NOT NULL DEFAULT '0' COMMENT '审核状态(0:待审核, 1: 同意，2:拒绝)',
  `create_time` timestamp NULL DEFAULT CURRENT_TIMESTAMP COMMENT '创建时间',
  PRIMARY KEY (`id`),
  UNIQUE KEY `unique_keys` (`uid`,`friend_uid`)
) ENGINE=InnoDB AUTO_INCREMENT=3 DEFAULT CHARSET=utf8;

/*Data for the table `user_friend` */

insert  into `user_friend`(`id`,`uid`,`friend_uid`,`stat`,`create_time`) values (1,333,334,0,'2019-04-02 22:56:04'),(2,333,335,0,'2019-04-02 22:56:11');

/*Table structure for table `user_group` */

DROP TABLE IF EXISTS `user_group`;

CREATE TABLE `user_group` (
  `id` int(10) unsigned NOT NULL AUTO_INCREMENT COMMENT '组ID',
  `group_name` varchar(255) NOT NULL COMMENT '组名',
  `account_id` int(10) DEFAULT NULL COMMENT '组调度员ID',
  `user_type` smallint(2) unsigned DEFAULT '0' COMMENT '创建者类型(0: 普通用户, 1: 管理账户)',
  `stat` smallint(255) DEFAULT '1' COMMENT '有效状态(0:无效，1:有效)',
  `create_time` timestamp NULL DEFAULT CURRENT_TIMESTAMP COMMENT '创建时间',
  `icon` varchar(255) DEFAULT NULL COMMENT '组头像',
  PRIMARY KEY (`id`)
) ENGINE=InnoDB AUTO_INCREMENT=156 DEFAULT CHARSET=utf8 COMMENT='组';

/*Data for the table `user_group` */

insert  into `user_group`(`id`,`group_name`,`account_id`,`user_type`,`stat`,`create_time`,`icon`) values (1,'深圳组',5,1,0,'2019-03-16 15:15:41',NULL),(2,'北京组',5,1,1,'2019-03-16 15:17:19',NULL),(3,'上海组',5,1,0,'2019-03-16 15:17:27',NULL),(4,'广州组',5,1,1,'2019-03-16 15:17:50',NULL),(5,'杭州组',6,1,1,'2019-03-18 10:28:26',NULL),(6,'南京组',5,1,1,'2019-03-18 05:19:23',NULL),(7,'武汉组',6,1,1,'2019-03-18 05:20:05',NULL),(8,'大连组',2,1,0,'2019-03-18 06:43:30',NULL),(9,'济南组',1,1,1,'2019-03-19 05:41:31',NULL),(10,'香港组',5,1,1,'2019-03-19 05:43:16',NULL),(11,'重庆组',6,1,1,'2019-03-19 06:10:35',NULL),(12,'沈阳组',4,1,1,'2019-03-25 02:17:03',NULL),(44,'乌鲁木齐组',2,0,1,'2019-03-29 02:02:50',NULL),(49,'开封组',5,0,1,'2019-03-29 02:23:53',NULL),(58,'拉萨组',2,0,1,'2019-04-01 23:47:36',NULL),(60,'昆明组',2,0,1,'2019-04-01 23:53:31',NULL),(117,'雷坤4组',0,0,1,'2019-04-02 22:16:53',NULL),(119,'雷坤6组',0,0,1,'2019-04-02 22:42:10',NULL),(150,'深圳1组',1430,1,1,'2019-04-03 23:13:19',NULL),(151,'深圳组2',1430,1,1,'2019-04-03 23:13:31',NULL),(152,'深圳组3',1430,1,1,'2019-04-03 23:13:46',NULL),(153,'深圳组4',1430,1,1,'2019-04-03 23:14:01',NULL),(154,'深圳6组',1430,1,1,'2019-04-03 23:24:18',NULL),(155,'wefwefwe',1430,1,1,'2019-04-03 23:37:09',NULL);

/*!40101 SET SQL_MODE=@OLD_SQL_MODE */;
/*!40014 SET FOREIGN_KEY_CHECKS=@OLD_FOREIGN_KEY_CHECKS */;
/*!40014 SET UNIQUE_CHECKS=@OLD_UNIQUE_CHECKS */;
/*!40111 SET SQL_NOTES=@OLD_SQL_NOTES */;
